-- phpMyAdmin SQL Dump
-- version 5.2.1
-- https://www.phpmyadmin.net/
--
-- Host: localhost
-- Generation Time: May 26, 2024 at 08:40 PM
-- Server version: 10.4.28-MariaDB
-- PHP Version: 8.2.4

SET SQL_MODE = "NO_AUTO_VALUE_ON_ZERO";
START TRANSACTION;
SET time_zone = "+00:00";


/*!40101 SET @OLD_CHARACTER_SET_CLIENT=@@CHARACTER_SET_CLIENT */;
/*!40101 SET @OLD_CHARACTER_SET_RESULTS=@@CHARACTER_SET_RESULTS */;
/*!40101 SET @OLD_COLLATION_CONNECTION=@@COLLATION_CONNECTION */;
/*!40101 SET NAMES utf8mb4 */;

--
-- Database: `masterchef`
--

-- --------------------------------------------------------

--
-- Table structure for table `cook`
--

CREATE TABLE `cook` (
  `cook_id` int(11) NOT NULL,
  `first_name` varchar(50) NOT NULL,
  `last_name` varchar(50) NOT NULL,
  `phone` char(10) NOT NULL,
  `age` int(11) NOT NULL,
  `experience` varchar(50) NOT NULL,
  `date_of_birth` date NOT NULL,
  `professional_training` varchar(50) NOT NULL,
  `user_id` int(11) DEFAULT NULL
) ENGINE=InnoDB DEFAULT CHARSET=utf8mb4 COLLATE=utf8mb4_general_ci;

--
-- Dumping data for table `cook`
--

INSERT INTO `cook` (`cook_id`, `first_name`, `last_name`, `phone`, `age`, `experience`, `date_of_birth`, `professional_training`, `user_id`) VALUES
(1, 'John', 'Doe', '1234567891', 30, '5', '1994-05-15', 'A', NULL),
(2, 'Alice', 'Smith', '9876543211', 25, '3', '1999-08-20', 'B', NULL),
(3, 'Michael', 'Johnson', '5551234561', 35, '10', '1989-02-10', 'C', NULL),
(4, 'Emily', 'Brown', '2223335444', 28, '6', '1996-11-30', 'sous chef', NULL),
(5, 'David', 'Miller', '7778889991', 40, '15', '1982-07-25', 'chef', NULL),
(6, 'Samantha', 'Anderson', '4445556661', 32, '8', '1992-04-18', 'A', NULL),
(7, 'Robert', 'Clark', '1112223433', 27, '4', '1997-09-05', 'B', NULL),
(8, 'Jennifer', 'Wilson', '6667778881', 29, '7', '1995-12-12', 'C', NULL),
(9, 'Matthew', 'Moore', '8889990001', 33, '9', '1991-03-22', 'sous chef', NULL),
(10, 'Jessica', 'Lee', '3216549871', 26, '2', '1998-06-28', 'chef', NULL),
(11, 'Daniel', 'Thompson', '4567890121', 31, '11', '1993-10-08', 'A', NULL),
(12, 'Sarah', 'Hall', '9876543212', 34, '12', '1988-01-01', 'B', NULL),
(13, 'James', 'White', '1112223343', 29, '6', '1995-12-12', 'C', NULL),
(14, 'Lauren', 'King', '2223334544', 37, '14', '1987-04-05', 'sous chef', NULL),
(15, 'William', 'Evans', '3334445551', 24, '1', '2000-02-15', 'chef', NULL),
(16, 'Ashley', 'Roberts', '4445556662', 28, '5', '1996-11-30', 'A', NULL),
(17, 'Christopher', 'Green', '5556667771', 36, '13', '1986-05-20', 'B', NULL),
(18, 'Amanda', 'Harris', '6667778882', 23, '2', '2001-08-10', 'C', NULL),
(19, 'Justin', 'Turner', '7778889992', 30, '8', '1994-05-15', 'sous chef', NULL),
(20, 'Stephanie', 'Scott', '8889990002', 35, '10', '1989-02-10', 'chef', NULL),
(21, 'Olivia', 'Jones', '1234567892', 31, '7', '1993-09-10', 'A', NULL),
(22, 'Andrew', 'Williams', '9876543213', 27, '4', '1997-06-25', 'B', NULL),
(23, 'Elizabeth', 'Brown', '5551234562', 33, '9', '1991-11-20', 'C', NULL),
(24, 'Joshua', 'Anderson', '2223334454', 29, '6', '1995-03-15', 'sous chef', NULL),
(25, 'Emma', 'Johnson', '7778889993', 39, '13', '1983-08-30', 'chef', NULL),
(26, 'Michaela', 'Young', '4445556663', 31, '8', '1992-12-05', 'A', NULL),
(27, 'Logan', 'Hall', '1112223334', 26, '3', '1998-01-20', 'B', NULL),
(28, 'Grace', 'Martin', '6667778883', 28, '5', '1996-04-15', 'C', NULL),
(29, 'Nathan', 'Taylor', '8889990003', 34, '10', '1990-07-10', 'sous chef', NULL),
(30, 'Isabella', 'Moore', '3216549872', 27, '4', '1997-02-28', 'chef', NULL),
(31, 'David', 'Wilson', '4567890122', 32, '9', '1992-11-15', 'A', NULL),
(32, 'Liam', 'Clark', '9876543214', 33, '10', '1991-10-10', 'B', NULL),
(33, 'Chloe', 'Robinson', '1112224333', 30, '7', '1994-05-20', 'C', NULL),
(34, 'Alexander', 'Martin', '2223334445', 36, '12', '1988-09-25', 'sous chef', NULL),
(35, 'Mia', 'Thomas', '3334445552', 23, '2', '2001-03-30', 'chef', NULL),
(36, 'Ethan', 'Allen', '4445556664', 29, '6', '1995-07-15', 'A', NULL),
(37, 'Abigail', 'Young', '5556667772', 35, '11', '1989-06-10', 'B', NULL),
(38, 'Madison', 'Wright', '6667778884', 24, '3', '2000-01-05', 'C', NULL),
(39, 'Elijah', 'Hall', '7778889994', 32, '8', '1993-12-20', 'sous chef', NULL),
(40, 'Charlotte', 'King', '8889990004', 26, '5', '1997-04-28', 'chef', NULL),
(41, 'Jameson', 'Williams', '1234567890', 30, '6', '1995-09-10', 'A', NULL),
(42, 'Sophia', 'Baker', '9876543215', 28, '4', '1997-02-25', 'B', NULL),
(43, 'Harper', 'Johnson', '5551234567', 34, '9', '1991-07-20', 'C', NULL),
(44, 'Aiden', 'Davis', '2223336444', 31, '7', '1994-12-15', 'sous chef', NULL),
(45, 'Scarlett', 'Parker', '7778889995', 40, '14', '1982-05-30', 'chef', NULL),
(46, 'Zoe', 'Morgan', '4445556665', 32, '8', '1992-10-05', 'A', NULL),
(47, 'Lucas', 'Scott', '1112225333', 27, '3', '1998-03-20', 'B', NULL),
(48, 'Leah', 'Adams', '6667778885', 29, '6', '1995-06-15', 'C', NULL),
(49, 'Carter', 'Allen', '8889990005', 35, '11', '1989-08-10', 'sous chef', NULL),
(50, 'Lillian', 'Carter', '3216549873', 28, '5', '1996-01-28', 'chef', NULL),
(51, 'Christopher', 'Young', '4567890123', 33, '10', '1991-06-15', 'A', NULL),
(52, 'Nora', 'Gray', '9876543210', 34, '11', '1988-11-10', 'B', NULL),
(53, 'Lincoln', 'Kelly', '1112223333', 31, '8', '1993-04-20', 'C', NULL),
(54, 'Addison', 'Mitchell', '2223334444', 37, '12', '1987-09-25', 'sous chef', NULL),
(55, 'Aubrey', 'Richardson', '3334445555', 24, '4', '2000-04-30', 'chef', NULL),
(56, 'Adrian', 'Bailey', '4445556666', 30, '7', '1994-08-15', 'A', NULL),
(57, 'Elena', 'Hughes', '5556667777', 36, '13', '1986-07-10', 'B', NULL),
(58, 'Kylie', 'Rogers', '6667778888', 23, '3', '2001-02-05', 'C', NULL),
(59, 'Brayden', 'Murphy', '7778889999', 31, '8', '1993-11-20', 'sous chef', NULL),
(60, 'Violet', 'Foster', '8889990000', 25, '5', '1996-05-28', 'chef', NULL),
(61, 'stamatios', 'koutis', '6971804366', 23, '4', '2001-09-23', 'C', 5);

-- --------------------------------------------------------

--
-- Table structure for table `cook_cuisine`
--

CREATE TABLE `cook_cuisine` (
  `cook_id` int(11) NOT NULL,
  `cuisine_id` int(11) NOT NULL
) ENGINE=InnoDB DEFAULT CHARSET=utf8mb4 COLLATE=utf8mb4_general_ci;

--
-- Dumping data for table `cook_cuisine`
--

INSERT INTO `cook_cuisine` (`cook_id`, `cuisine_id`) VALUES
(1, 1),
(1, 2),
(1, 3),
(1, 4),
(1, 5),
(1, 6),
(1, 7),
(1, 8),
(1, 9),
(1, 10),
(2, 2),
(2, 4),
(2, 6),
(2, 7),
(2, 9),
(2, 10),
(3, 1),
(3, 2),
(3, 3),
(3, 4),
(3, 5),
(3, 6),
(3, 7),
(3, 8),
(3, 9),
(3, 10),
(4, 1),
(4, 2),
(4, 3),
(4, 4),
(4, 6),
(4, 8),
(4, 10),
(5, 2),
(5, 3),
(6, 1),
(6, 2),
(6, 3),
(6, 5),
(6, 6),
(6, 7),
(6, 8),
(6, 10),
(7, 1),
(7, 4),
(7, 5),
(7, 6),
(7, 7),
(7, 8),
(7, 9),
(7, 10),
(8, 1),
(8, 3),
(8, 5),
(8, 6),
(8, 7),
(8, 9),
(8, 10),
(9, 5),
(9, 6),
(10, 5),
(10, 8),
(11, 1),
(11, 2),
(11, 6),
(11, 8),
(11, 9),
(11, 10),
(12, 1),
(12, 2),
(12, 3),
(12, 4),
(12, 5),
(12, 6),
(12, 7),
(12, 8),
(12, 9),
(12, 10),
(13, 1),
(13, 3),
(14, 2),
(14, 3),
(14, 8),
(15, 1),
(15, 2),
(15, 3),
(15, 5),
(15, 6),
(15, 7),
(15, 8),
(15, 10),
(16, 6),
(16, 8),
(16, 10),
(17, 1),
(17, 3),
(17, 5),
(18, 1),
(18, 2),
(18, 3),
(18, 4),
(18, 5),
(18, 6),
(18, 7),
(18, 8),
(18, 9),
(18, 10),
(19, 1),
(19, 3),
(19, 4),
(19, 5),
(19, 6),
(19, 7),
(19, 8),
(19, 10),
(20, 1),
(20, 2),
(20, 3),
(20, 4),
(20, 7),
(20, 9),
(20, 10),
(21, 8),
(21, 10),
(22, 5),
(23, 1),
(23, 2),
(23, 3),
(23, 4),
(23, 5),
(23, 6),
(23, 7),
(23, 8),
(23, 9),
(24, 1),
(24, 3),
(24, 4),
(24, 7),
(24, 10),
(25, 7),
(25, 8),
(26, 1),
(26, 2),
(26, 3),
(26, 5),
(26, 6),
(26, 7),
(26, 8),
(26, 9),
(26, 10),
(27, 1),
(27, 2),
(27, 3),
(27, 4),
(27, 5),
(27, 6),
(27, 7),
(27, 8),
(27, 9),
(27, 10),
(28, 2),
(29, 1),
(29, 2),
(29, 4),
(29, 7),
(29, 8),
(29, 9),
(29, 10),
(30, 2),
(31, 7),
(31, 8),
(32, 1),
(32, 2),
(32, 3),
(32, 4),
(32, 5),
(32, 6),
(32, 7),
(32, 8),
(32, 9),
(32, 10),
(33, 7),
(33, 10),
(34, 6),
(34, 10),
(35, 1),
(35, 8),
(36, 3),
(36, 5),
(36, 6),
(36, 7),
(36, 8),
(37, 1),
(37, 2),
(37, 5),
(37, 8),
(37, 10),
(38, 1),
(38, 2),
(38, 3),
(38, 4),
(38, 5),
(38, 6),
(38, 7),
(38, 8),
(38, 9),
(38, 10),
(39, 1),
(39, 3),
(39, 4),
(39, 5),
(39, 6),
(39, 8),
(39, 9),
(39, 10),
(40, 4),
(40, 5),
(40, 6),
(40, 7),
(40, 8),
(40, 9),
(41, 1),
(41, 2),
(41, 3),
(41, 4),
(41, 5),
(41, 6),
(41, 7),
(41, 8),
(41, 10),
(42, 3),
(43, 5),
(44, 4),
(44, 5),
(44, 7),
(44, 8),
(44, 9),
(45, 1),
(45, 2),
(45, 3),
(45, 4),
(45, 5),
(45, 7),
(46, 1),
(46, 6),
(46, 8),
(46, 10),
(47, 1),
(47, 2),
(47, 3),
(47, 4),
(47, 6),
(47, 7),
(47, 8),
(47, 10),
(48, 3),
(48, 4),
(48, 7),
(48, 9),
(48, 10),
(49, 1),
(49, 2),
(49, 4),
(49, 5),
(49, 6),
(49, 7),
(49, 8),
(49, 9),
(49, 10),
(50, 1),
(50, 2),
(50, 4),
(50, 6),
(50, 8),
(50, 9),
(50, 10),
(51, 1),
(51, 3),
(51, 8),
(51, 9),
(52, 1),
(52, 2),
(52, 3),
(52, 7),
(52, 9),
(52, 10),
(53, 8),
(54, 2),
(54, 3),
(54, 5),
(54, 6),
(54, 7),
(54, 9),
(54, 10),
(55, 1),
(55, 2),
(55, 3),
(55, 4),
(55, 5),
(55, 6),
(55, 7),
(55, 8),
(55, 9),
(55, 10),
(56, 1),
(56, 2),
(56, 3),
(56, 5),
(56, 6),
(56, 8),
(56, 9),
(56, 10),
(57, 2),
(57, 4),
(57, 5),
(57, 6),
(57, 8),
(57, 10),
(58, 1),
(58, 4),
(58, 5),
(58, 8),
(59, 1),
(59, 2),
(59, 3),
(59, 4),
(59, 5),
(59, 6),
(59, 7),
(59, 8),
(59, 9),
(59, 10),
(60, 1),
(60, 2),
(60, 4),
(60, 6),
(60, 8);

-- --------------------------------------------------------

--
-- Stand-in structure for view `cook_recipes`
-- (See below for the actual view)
--
CREATE TABLE `cook_recipes` (
`cook_id` int(11)
,`first_name` varchar(50)
,`last_name` varchar(50)
,`recipe_id` int(11)
,`recipe_name` varchar(50)
,`recipe_description` text
,`cuisine_id` int(11)
,`difficulty` int(11)
);

-- --------------------------------------------------------

--
-- Table structure for table `cuisine`
--

CREATE TABLE `cuisine` (
  `cuisine_id` int(11) NOT NULL,
  `region` varchar(50) NOT NULL
) ENGINE=InnoDB DEFAULT CHARSET=utf8mb4 COLLATE=utf8mb4_general_ci;

--
-- Dumping data for table `cuisine`
--

INSERT INTO `cuisine` (`cuisine_id`, `region`) VALUES
(1, 'Italian'),
(2, 'French'),
(3, 'Japanese'),
(4, 'Chinese'),
(5, 'Indian'),
(6, 'Mexican'),
(7, 'Greek'),
(8, 'Scandinavian'),
(9, 'Spanish'),
(10, 'Korean');

-- --------------------------------------------------------

--
-- Table structure for table `episode`
--

CREATE TABLE `episode` (
  `episode_id` int(11) NOT NULL,
  `episodenumber` int(11) NOT NULL,
  `season` int(11) NOT NULL
) ENGINE=InnoDB DEFAULT CHARSET=utf8mb4 COLLATE=utf8mb4_general_ci;

--
-- Dumping data for table `episode`
--

INSERT INTO `episode` (`episode_id`, `episodenumber`, `season`) VALUES
(1, 1, 1),
(2, 2, 1),
(3, 3, 1),
(4, 4, 1),
(5, 5, 1),
(6, 6, 1),
(7, 7, 1),
(8, 8, 1),
(9, 9, 1),
(10, 10, 1),
(11, 1, 2),
(12, 2, 2),
(13, 3, 2),
(14, 4, 2),
(15, 5, 2),
(16, 6, 2),
(17, 7, 2),
(18, 8, 2),
(19, 9, 2),
(20, 10, 2);

-- --------------------------------------------------------

--
-- Table structure for table `episode_participants`
--

CREATE TABLE `episode_participants` (
  `episode_participant_id` int(11) NOT NULL,
  `episode_id` int(11) NOT NULL,
  `cook_id` int(11) NOT NULL,
  `recipe_id` int(11) DEFAULT NULL,
  `role` enum('Cook','Judge') NOT NULL,
  `cuisine_id` int(11) DEFAULT NULL
) ENGINE=InnoDB DEFAULT CHARSET=utf8mb4 COLLATE=utf8mb4_general_ci;

--
-- Dumping data for table `episode_participants`
--

INSERT INTO `episode_participants` (`episode_participant_id`, `episode_id`, `cook_id`, `recipe_id`, `role`, `cuisine_id`) VALUES
(1739, 1, 55, 9, 'Cook', 1),
(1740, 1, 18, 15, 'Cook', 2),
(1741, 1, 19, 22, 'Cook', 3),
(1742, 1, 2, 28, 'Cook', 4),
(1743, 1, 57, 37, 'Cook', 5),
(1744, 1, 15, 42, 'Cook', 6),
(1745, 1, 32, 5, 'Cook', 7),
(1746, 1, 38, 48, 'Cook', 8),
(1747, 1, 11, 56, 'Cook', 9),
(1748, 1, 1, 57, 'Cook', 10),
(1749, 1, 44, NULL, 'Judge', NULL),
(1750, 1, 25, NULL, 'Judge', NULL),
(1751, 1, 30, NULL, 'Judge', NULL),
(1752, 2, 27, 13, 'Cook', 1),
(1753, 2, 37, 14, 'Cook', 2),
(1754, 2, 55, 21, 'Cook', 3),
(1755, 2, 47, 29, 'Cook', 4),
(1756, 2, 40, 40, 'Cook', 5),
(1757, 2, 50, 46, 'Cook', 6),
(1758, 2, 45, 1, 'Cook', 7),
(1759, 2, 1, 48, 'Cook', 8),
(1760, 2, 48, 56, 'Cook', 9),
(1761, 2, 57, 58, 'Cook', 10),
(1762, 2, 25, NULL, 'Judge', NULL),
(1763, 2, 34, NULL, 'Judge', NULL),
(1764, 2, 39, NULL, 'Judge', NULL),
(1765, 3, 60, 11, 'Cook', 1),
(1766, 3, 18, 14, 'Cook', 2),
(1767, 3, 51, 22, 'Cook', 3),
(1768, 3, 20, 27, 'Cook', 4),
(1769, 3, 15, 35, 'Cook', 5),
(1770, 3, 56, 44, 'Cook', 6),
(1771, 3, 59, 7, 'Cook', 7),
(1772, 3, 6, 53, 'Cook', 8),
(1773, 3, 29, 55, 'Cook', 9),
(1774, 3, 12, 58, 'Cook', 10),
(1775, 3, 25, NULL, 'Judge', NULL),
(1776, 3, 9, NULL, 'Judge', NULL),
(1777, 3, 34, NULL, 'Judge', NULL),
(1778, 4, 50, 11, 'Cook', 1),
(1779, 4, 57, 15, 'Cook', 2),
(1780, 4, 18, 25, 'Cook', 3),
(1781, 4, 4, 33, 'Cook', 4),
(1782, 4, 37, 35, 'Cook', 5),
(1783, 4, 41, 41, 'Cook', 6),
(1784, 4, 7, 1, 'Cook', 7),
(1785, 4, 14, 54, 'Cook', 8),
(1786, 4, 55, 55, 'Cook', 9),
(1787, 4, 39, 57, 'Cook', 10),
(1788, 4, 44, NULL, 'Judge', NULL),
(1789, 4, 49, NULL, 'Judge', NULL),
(1790, 4, 40, NULL, 'Judge', NULL),
(1791, 5, 59, 12, 'Cook', 1),
(1792, 5, 12, 16, 'Cook', 2),
(1793, 5, 32, 22, 'Cook', 3),
(1794, 5, 24, 30, 'Cook', 4),
(1795, 5, 26, 34, 'Cook', 5),
(1796, 5, 39, 44, 'Cook', 6),
(1797, 5, 33, 2, 'Cook', 7),
(1798, 5, 23, 48, 'Cook', 8),
(1799, 5, 55, 55, 'Cook', 9),
(1800, 5, 16, 57, 'Cook', 10),
(1801, 5, 5, NULL, 'Judge', NULL),
(1802, 5, 35, NULL, 'Judge', NULL),
(1803, 5, 29, NULL, 'Judge', NULL),
(1804, 6, 37, 11, 'Cook', 1),
(1805, 6, 32, 14, 'Cook', 2),
(1806, 6, 4, 23, 'Cook', 3),
(1807, 6, 49, 32, 'Cook', 4),
(1808, 6, 55, 37, 'Cook', 5),
(1809, 6, 2, 41, 'Cook', 6),
(1810, 6, 25, 3, 'Cook', 7),
(1811, 6, 57, 54, 'Cook', 8),
(1812, 6, 50, 56, 'Cook', 9),
(1813, 6, 46, 58, 'Cook', 10),
(1814, 6, 20, NULL, 'Judge', NULL),
(1815, 6, 34, NULL, 'Judge', NULL),
(1816, 6, 45, NULL, 'Judge', NULL),
(1817, 7, 56, 13, 'Cook', 1),
(1818, 7, 12, 15, 'Cook', 2),
(1819, 7, 19, 26, 'Cook', 3),
(1820, 7, 32, 27, 'Cook', 4),
(1821, 7, 8, 37, 'Cook', 5),
(1822, 7, 40, 44, 'Cook', 6),
(1823, 7, 36, 2, 'Cook', 7),
(1824, 7, 3, 52, 'Cook', 8),
(1825, 7, 44, 55, 'Cook', 9),
(1826, 7, 47, 57, 'Cook', 10),
(1827, 7, 15, NULL, 'Judge', NULL),
(1828, 7, 24, NULL, 'Judge', NULL),
(1829, 7, 5, NULL, 'Judge', NULL),
(1830, 8, 32, 9, 'Cook', 1),
(1831, 8, 6, 17, 'Cook', 2),
(1832, 8, 59, 21, 'Cook', 3),
(1833, 8, 38, 27, 'Cook', 4),
(1834, 8, 26, 34, 'Cook', 5),
(1835, 8, 40, 41, 'Cook', 6),
(1836, 8, 7, 6, 'Cook', 7),
(1837, 8, 27, 51, 'Cook', 8),
(1838, 8, 50, 55, 'Cook', 9),
(1839, 8, 21, 58, 'Cook', 10),
(1840, 8, 24, NULL, 'Judge', NULL),
(1841, 8, 55, NULL, 'Judge', NULL),
(1842, 8, 49, NULL, 'Judge', NULL),
(1843, 9, 7, 10, 'Cook', 1),
(1844, 9, 26, 15, 'Cook', 2),
(1845, 9, 15, 25, 'Cook', 3),
(1846, 9, 29, 29, 'Cook', 4),
(1847, 9, 55, 37, 'Cook', 5),
(1848, 9, 3, 44, 'Cook', 6),
(1849, 9, 40, 7, 'Cook', 7),
(1850, 9, 37, 52, 'Cook', 8),
(1851, 9, 12, 55, 'Cook', 9),
(1852, 9, 6, 57, 'Cook', 10),
(1853, 9, 39, NULL, 'Judge', NULL),
(1854, 9, 60, NULL, 'Judge', NULL),
(1855, 9, 14, NULL, 'Judge', NULL),
(1856, 10, 49, 11, 'Cook', 1),
(1857, 10, 18, 17, 'Cook', 2),
(1858, 10, 20, 24, 'Cook', 3),
(1859, 10, 41, 32, 'Cook', 4),
(1860, 10, 9, 35, 'Cook', 5),
(1861, 10, 8, 47, 'Cook', 6),
(1862, 10, 24, 5, 'Cook', 7),
(1863, 10, 29, 53, 'Cook', 8),
(1864, 10, 48, 55, 'Cook', 9),
(1865, 10, 1, 58, 'Cook', 10),
(1866, 10, 44, NULL, 'Judge', NULL),
(1867, 10, 35, NULL, 'Judge', NULL),
(1868, 10, 19, NULL, 'Judge', NULL),
(1882, 11, 19, 12, 'Cook', 1),
(1883, 11, 27, 17, 'Cook', 2),
(1884, 11, 59, 23, 'Cook', 3),
(1885, 11, 12, 29, 'Cook', 4),
(1886, 11, 32, 34, 'Cook', 5),
(1887, 11, 1, 41, 'Cook', 6),
(1888, 11, 36, 7, 'Cook', 7),
(1889, 11, 23, 54, 'Cook', 8),
(1890, 11, 55, 56, 'Cook', 9),
(1891, 11, 4, 58, 'Cook', 10),
(1892, 11, 5, NULL, 'Judge', NULL),
(1893, 11, 35, NULL, 'Judge', NULL),
(1894, 11, 15, NULL, 'Judge', NULL),
(1895, 12, 13, 8, 'Cook', 1),
(1896, 12, 45, 14, 'Cook', 2),
(1897, 12, 20, 21, 'Cook', 3),
(1898, 12, 47, 27, 'Cook', 4),
(1899, 12, 18, 37, 'Cook', 5),
(1900, 12, 57, 47, 'Cook', 6),
(1901, 12, 6, 7, 'Cook', 7),
(1902, 12, 41, 50, 'Cook', 8),
(1903, 12, 48, 56, 'Cook', 9),
(1904, 12, 46, 57, 'Cook', 10),
(1905, 12, 19, NULL, 'Judge', NULL),
(1906, 12, 4, NULL, 'Judge', NULL),
(1907, 12, 39, NULL, 'Judge', NULL),
(1908, 13, 52, 11, 'Cook', 1),
(1909, 13, 14, 17, 'Cook', 2),
(1910, 13, 54, 20, 'Cook', 3),
(1911, 13, 50, 31, 'Cook', 4),
(1912, 13, 56, 38, 'Cook', 5),
(1913, 13, 26, 45, 'Cook', 6),
(1914, 13, 2, 5, 'Cook', 7),
(1915, 13, 38, 49, 'Cook', 8),
(1916, 13, 49, 56, 'Cook', 9),
(1917, 13, 29, 58, 'Cook', 10),
(1918, 13, 10, NULL, 'Judge', NULL),
(1919, 13, 4, NULL, 'Judge', NULL),
(1920, 13, 39, NULL, 'Judge', NULL),
(1921, 14, 49, 13, 'Cook', 1),
(1922, 14, 56, 18, 'Cook', 2),
(1923, 14, 14, 24, 'Cook', 3),
(1924, 14, 38, 33, 'Cook', 4),
(1925, 14, 9, 34, 'Cook', 5),
(1926, 14, 11, 46, 'Cook', 6),
(1927, 14, 40, 3, 'Cook', 7),
(1928, 14, 16, 54, 'Cook', 8),
(1929, 14, 44, 56, 'Cook', 9),
(1930, 14, 8, 58, 'Cook', 10),
(1931, 14, 19, NULL, 'Judge', NULL),
(1932, 14, 25, NULL, 'Judge', NULL),
(1933, 14, 35, NULL, 'Judge', NULL),
(1934, 15, 7, 9, 'Cook', 1),
(1935, 15, 26, 18, 'Cook', 2),
(1936, 15, 8, 23, 'Cook', 3),
(1937, 15, 38, 30, 'Cook', 4),
(1938, 15, 40, 39, 'Cook', 5),
(1939, 15, 2, 47, 'Cook', 6),
(1940, 15, 49, 1, 'Cook', 7),
(1941, 15, 58, 48, 'Cook', 8),
(1942, 15, 44, 55, 'Cook', 9),
(1943, 15, 16, 57, 'Cook', 10),
(1944, 15, 34, NULL, 'Judge', NULL),
(1945, 15, 30, NULL, 'Judge', NULL),
(1946, 15, 19, NULL, 'Judge', NULL),
(1947, 16, 58, 13, 'Cook', 1),
(1948, 16, 11, 18, 'Cook', 2),
(1949, 16, 14, 23, 'Cook', 3),
(1950, 16, 2, 30, 'Cook', 4),
(1951, 16, 37, 39, 'Cook', 5),
(1952, 16, 7, 46, 'Cook', 6),
(1953, 16, 31, 2, 'Cook', 7),
(1954, 16, 56, 51, 'Cook', 8),
(1955, 16, 49, 55, 'Cook', 9),
(1956, 16, 8, 58, 'Cook', 10),
(1957, 16, 35, NULL, 'Judge', NULL),
(1958, 16, 40, NULL, 'Judge', NULL),
(1959, 16, 44, NULL, 'Judge', NULL),
(1960, 17, 56, 8, 'Cook', 1),
(1961, 17, 29, 16, 'Cook', 2),
(1962, 17, 54, 25, 'Cook', 3),
(1963, 17, 58, 31, 'Cook', 4),
(1964, 17, 8, 40, 'Cook', 5),
(1965, 17, 11, 47, 'Cook', 6),
(1966, 17, 49, 1, 'Cook', 7),
(1967, 17, 3, 49, 'Cook', 8),
(1968, 17, 26, 56, 'Cook', 9),
(1969, 17, 7, 58, 'Cook', 10),
(1970, 17, 45, NULL, 'Judge', NULL),
(1971, 17, 15, NULL, 'Judge', NULL),
(1972, 17, 24, NULL, 'Judge', NULL),
(1973, 18, 37, 13, 'Cook', 1),
(1974, 18, 11, 16, 'Cook', 2),
(1975, 18, 17, 20, 'Cook', 3),
(1976, 18, 7, 33, 'Cook', 4),
(1977, 18, 44, 36, 'Cook', 5),
(1978, 18, 2, 45, 'Cook', 6),
(1979, 18, 25, 4, 'Cook', 7),
(1980, 18, 26, 51, 'Cook', 8),
(1981, 18, 38, 55, 'Cook', 9),
(1982, 18, 34, 58, 'Cook', 10),
(1983, 18, 60, NULL, 'Judge', NULL),
(1984, 18, 55, NULL, 'Judge', NULL),
(1985, 18, 20, NULL, 'Judge', NULL),
(1986, 19, 60, 12, 'Cook', 1),
(1987, 19, 49, 17, 'Cook', 2),
(1988, 19, 8, 21, 'Cook', 3),
(1989, 19, 2, 28, 'Cook', 4),
(1990, 19, 26, 35, 'Cook', 5),
(1991, 19, 40, 44, 'Cook', 6),
(1992, 19, 31, 3, 'Cook', 7),
(1993, 19, 44, 52, 'Cook', 8),
(1994, 19, 51, 56, 'Cook', 9),
(1995, 19, 54, 57, 'Cook', 10),
(1996, 19, 59, NULL, 'Judge', NULL),
(1997, 19, 9, NULL, 'Judge', NULL),
(1998, 19, 19, NULL, 'Judge', NULL),
(1999, 20, 58, 9, 'Cook', 1),
(2000, 20, 28, 17, 'Cook', 2),
(2001, 20, 26, 22, 'Cook', 3),
(2002, 20, 29, 32, 'Cook', 4),
(2003, 20, 40, 38, 'Cook', 5),
(2004, 20, 56, 45, 'Cook', 6),
(2005, 20, 44, 3, 'Cook', 7),
(2006, 20, 37, 52, 'Cook', 8),
(2007, 20, 7, 55, 'Cook', 9),
(2008, 20, 11, 58, 'Cook', 10),
(2009, 20, 5, NULL, 'Judge', NULL),
(2010, 20, 25, NULL, 'Judge', NULL),
(2011, 20, 30, NULL, 'Judge', NULL);

-- --------------------------------------------------------

--
-- Table structure for table `equipment`
--

CREATE TABLE `equipment` (
  `equipment_id` int(11) NOT NULL,
  `name` varchar(50) NOT NULL,
  `instructions` text NOT NULL
) ENGINE=InnoDB DEFAULT CHARSET=utf8mb4 COLLATE=utf8mb4_general_ci;

--
-- Dumping data for table `equipment`
--

INSERT INTO `equipment` (`equipment_id`, `name`, `instructions`) VALUES
(1, 'Chef\'s Knife', 'Essential for chopping slicing and dicing ingredients.'),
(2, 'Santoku Knife', 'Versatile knife for slicing dicing and mincing.'),
(3, 'Filleting Knife', 'Ideal for filleting fish and delicate cuts of meat.'),
(4, 'Paring Knife', 'Perfect for peeling and intricate cutting tasks.'),
(5, 'Cleaver', 'Used for chopping through bones and tough meat.'),
(6, 'Rolling Pin', 'Rolls out dough for baking.'),
(7, 'Coarse Grater', 'Grates cheese and vegetables into coarse pieces.'),
(8, 'Fine Grater', 'Grates ingredients into fine pieces ideal for zesting.'),
(9, 'Cheese Grater', 'Specially designed for grating cheese.'),
(10, 'Mandoline', 'Slices vegetables and fruits thinly and uniformly.'),
(11, 'Saucepan', 'Used for cooking sauces soups and boiling water.'),
(12, 'Pressure Cooker', 'Cooks food quickly using high-pressure steam.'),
(13, 'Non-stick Frying Pan', 'Fry and sauté with minimal sticking.'),
(14, 'Cast Iron Skillet', 'Provides even heat distribution for frying and searing.'),
(15, 'Stainless Steel Pan', 'Durable pan for a variety of cooking methods.'),
(16, 'Wok', 'Perfect for stir-frying sautéing and deep-frying.'),
(17, 'Rectangular Baking Pan', 'Ideal for baking cakes brownies and casseroles.'),
(18, 'Round Baking Pan', 'Used for baking round cakes and other baked goods.'),
(19, 'Square Baking Pan', 'Great for baking bars brownies and square cakes.'),
(20, 'Cake Mold', 'Shapes cakes and desserts during baking.'),
(21, 'Cupcake Mold', 'Holds batter for baking cupcakes and muffins.'),
(22, 'Loaf Pan', 'Used for baking bread meatloaf and pound cakes.'),
(23, 'Silicone Baking Mold', 'Flexible mold for easy release of baked goods.'),
(24, 'Hand Mixer', 'Mixes ingredients for baking and cooking.'),
(25, 'Stand Mixer', 'Stands on the counter and mixes large batches of dough.'),
(26, 'Measuring Spoons', 'Measures small quantities of ingredients.'),
(27, 'Kitchen Scale', 'Weighs ingredients for precise measurements.'),
(28, 'Mixing Bowl (Glass)', 'Used for mixing ingredients; microwave safe.'),
(29, 'Mixing Bowl (Stainless)', 'Durable bowl for mixing and prepping ingredients.'),
(30, 'Soup Ladle', 'Serves soups stews and other liquids.'),
(31, 'Serving Spoon', 'Used for serving food.'),
(32, 'Spatula (Baking)', 'Scrapes spreads and mixes ingredients in baking.'),
(33, 'Silicone Spatula', 'Heat-resistant spatula for cooking and baking.'),
(34, 'Wooden Spatula', 'Versatile tool for stirring and mixing.'),
(35, 'Marzipan', 'Used for detailed decoration in baking.'),
(36, 'Kitchen Scissors', 'Cuts herbs poultry and other ingredients.'),
(37, 'Tongs', 'Grabs and flips food during cooking.'),
(38, 'Can Opener', 'Opens cans safely and easily.'),
(39, 'Bottle Opener', 'Opens bottles of various types.'),
(40, 'Serving Rings', 'Shapes food for elegant plating and presentation.'),
(41, 'Blender', 'Blends and purees ingredients into liquids.'),
(42, 'Food Processor', 'Chops slices and mixes ingredients quickly.'),
(43, 'Microwave Oven', 'Heats and cooks food quickly using microwave radiation.'),
(44, 'Steamer', 'Cooks food using steam for a healthy preparation.'),
(45, 'Sous-vide Machine', 'Cooks food in a water bath at precise temperatures.'),
(46, 'Culinary Torch', 'Browns and caramelizes the surface of food.'),
(47, 'Spice Grinder', 'Grinds spices into powder or smaller pieces.'),
(48, 'Vegetable Peeler', 'Peels the skin off vegetables and fruits.'),
(49, 'Measuring Ladle', 'Measures and serves liquids.'),
(50, 'Vegetable Chopper', 'Chops vegetables quickly and uniformly.'),
(51, 'Strainer', 'Drains liquids from foods like pasta and vegetables.'),
(52, 'Sieve', 'Separates fine particles from liquids or dry ingredients.'),
(53, 'Skewers', 'Holds pieces of food together for grilling or roasting.'),
(54, 'Pizza Stone', 'Provides an even baking surface for pizza.'),
(55, 'Marble Pastry Board', 'Ideal surface for rolling out dough and working with pastry.'),
(56, 'Zester', 'Finely shreds the outer skin of citrus fruits.'),
(57, 'Meat Tenderizer', 'Softens meat by breaking down its fibers.'),
(58, 'Potato Masher', 'Mashes potatoes and other soft vegetables.'),
(59, 'Pastry Brush', 'Brushes butter egg wash or glazes onto pastries and meats.'),
(60, 'Whisk', 'Beats and blends ingredients smoothly.'),
(61, 'Colander', 'Drains liquids from pasta vegetables and other foods.'),
(62, 'Mortar and Pestle', 'Crushes and grinds herbs and spices.'),
(63, 'Garlic Press', 'Crushes garlic cloves quickly and efficiently.'),
(64, 'Ice Cream Scoop', 'Scoops and serves ice cream and other frozen desserts.'),
(65, 'Basting Spoon', 'Bastes meats and other foods with liquids during cooking.'),
(66, 'Grill Pan', 'Mimics outdoor grilling indoors with ridged surface.'),
(67, 'Oven Mitts', 'Protects hands from hot surfaces and dishes.'),
(68, 'Dough Scraper', 'Scrapes and cuts dough on a work surface.'),
(69, 'Splatter Screen', 'Prevents oil and food splatters while cooking.'),
(70, 'Slotted Spoon', 'Lifts food from liquids allowing drainage.'),
(71, 'Potato Ricer', 'Creates smooth fluffy mashed potatoes.'),
(72, 'Egg Separator', 'Separates egg whites from yolks.'),
(73, 'Funnel', 'Channels liquids or powders into containers with small openings.'),
(74, 'Nutcracker', 'Cracks open nuts and shells.'),
(75, 'Melon Baller', 'Scoops out round sections of melon or other fruits.'),
(76, 'Egg Slicer', 'Slices hard-boiled eggs uniformly.'),
(77, 'Salad Spinner', 'Dries salad greens after washing.'),
(78, 'Mandoline Slicer', 'Slices fruits and vegetables thinly and evenly.'),
(79, 'Fish Spatula', 'Flips and serves delicate fish fillets.'),
(80, 'Pastry Cutter', 'Cuts dough for pastries and biscuits.'),
(81, 'Ravioli Cutter', 'Cuts and seals ravioli.'),
(82, 'Cooling Rack', 'Cools baked goods evenly by allowing air circulation.'),
(83, 'Candy Thermometer', 'Measures temperature of candy mixtures.'),
(84, 'Meat Thermometer', 'Measures internal temperature of meat to ensure doneness.'),
(85, 'Bread Knife', 'Slices bread with minimal crushing.'),
(86, 'Herb Scissors', 'Cuts herbs quickly and uniformly.'),
(87, 'Oyster Knife', 'Opens oysters safely and efficiently.'),
(88, 'Pizza Cutter', 'Slices pizza into pieces.'),
(89, 'Tomato Slicer', 'Slices tomatoes evenly.'),
(90, 'Sugar Shaker', 'Dispenses powdered sugar evenly over baked goods.'),
(91, 'Gravy Separator', 'Separates fat from gravy and sauces.'),
(92, 'Pepper Mill', 'Grinds peppercorns into fresh pepper.'),
(93, 'Egg Poacher', 'Poaches eggs perfectly.'),
(94, 'Citrus Juicer', 'Extracts juice from citrus fruits.'),
(95, 'Egg Timer', 'Tracks cooking time for eggs.'),
(96, 'Salad Chopper', 'Chops salad ingredients quickly and uniformly.'),
(97, 'Cheese Slicer', 'Slices cheese evenly.'),
(98, 'Mandoline Blade Guard', 'Protects hands when using a mandoline slicer.'),
(99, 'Sauce Whisk', 'Blends sauces and gravies smoothly.'),
(100, 'Spiralizer', 'Creates spiral cuts from vegetables for salads and dishes.'),
(101, 'Chinois', 'Fine-mesh sieve for straining sauces and soups.'),
(102, 'Skimmer', 'Removes food from hot liquids and skims off fats.'),
(103, 'Bain-marie', 'Cooks food gently using indirect heat.'),
(104, 'Tamis', 'Fine-mesh strainer for sifting and pureeing.'),
(105, 'Bench Scraper', 'Cuts and transfers dough and chopped foods.'),
(106, 'Honey Dipper', 'Drizzles honey smoothly over food.'),
(107, 'Corn Holder', 'Holds corn on the cob securely for eating.'),
(108, 'Avocado Slicer', 'Slices and pits avocados easily.'),
(109, 'Cherry Pitter', 'Removes pits from cherries quickly.'),
(110, 'Clam Knife', 'Opens clams safely and efficiently.'),
(111, 'Can Strainer', 'Drains liquids from cans.'),
(112, 'Pineapple Corer', 'Cores and slices pineapples easily.'),
(113, 'Batter Dispenser', 'Dispenses batter evenly into molds or pans.'),
(114, 'Fondue Set', 'Used for making and serving fondue.'),
(115, 'Ice Cube Tray', 'Makes and stores ice cubes.'),
(116, 'Meat Mallet', 'Tenderizes meat by pounding.'),
(117, 'Poultry Shears', 'Cuts through poultry bones and joints.'),
(118, 'Coffee Grinder', 'Grinds coffee beans into coffee grounds.'),
(119, 'Mandolin Holder', 'Holds vegetables securely while slicing on a mandoline.'),
(120, 'Sushi Mat', 'Rolls sushi evenly and tightly.'),
(121, 'Ice Cream Maker', 'Makes homemade ice cream.'),
(122, 'Digital Thermometer', 'Provides precise temperature readings.'),
(123, 'Mandoline Safety Guard', 'Protects fingers while slicing with a mandoline.'),
(124, 'Herb Mill', 'Grinds fresh herbs into smaller pieces.'),
(125, 'Mixing Bowl (Plastic)', 'Lightweight bowl for mixing and prepping ingredients.'),
(126, 'Grill Brush', 'Cleans grill grates by removing food and debris.'),
(127, 'Pastry Wheel', 'Cuts dough and pastry into decorative shapes.'),
(128, 'Cake Leveler', 'Levels cakes for even layers.'),
(129, 'Butter Curler', 'Creates decorative butter curls.'),
(130, 'Poultry Baster', 'Bastes poultry with juices or marinades.'),
(131, 'Ice Pick', 'Chips and breaks ice into smaller pieces.'),
(132, 'Cookie Press', 'Presses out cookie dough into uniform shapes.'),
(133, 'Chocolate Melting Pot', 'Melts chocolate evenly for dipping and coating.'),
(134, 'Truffle Shaver', 'Slices truffles and other delicacies thinly.'),
(135, 'Corn Zipper', 'Removes kernels from corn cobs quickly.'),
(136, 'Panini Press', 'Grills and presses sandwiches.'),
(137, 'Cooking Twine', 'Ties meats and other ingredients for roasting.'),
(138, 'Oyster Shucker', 'Opens oysters safely and efficiently.'),
(139, 'Crepe Pan', 'Makes thin even crepes.'),
(140, 'Spider Strainer', 'Lifts food from hot oil or water.'),
(141, 'Meat Injector', 'Injects marinades into meat for flavor.'),
(142, 'Fat Separator', 'Separates fat from liquids.'),
(143, 'Gnocchi Board', 'Shapes gnocchi with ridges for sauce adherence.'),
(144, 'Lemon Reamer', 'Extracts juice from lemons and other citrus fruits.'),
(145, 'Tart Pan', 'Bakes tarts with a removable bottom for easy release.'),
(146, 'Mixing Paddle', 'Stirs and mixes large quantities of ingredients.'),
(147, 'Scone Cutter', 'Cuts dough into scone shapes.'),
(148, 'Silicone Baking Mat', 'Provides a non-stick surface for baking.'),
(149, 'Egg Ring', 'Shapes eggs into uniform circles while cooking.'),
(150, 'Cheesecloth', 'Strains liquids and wraps herbs for flavor infusion.'),
(151, 'Tamale Steamer', 'Steams tamales and other foods.'),
(152, 'Bean Slicer', 'Slices green beans evenly.'),
(153, 'Banneton Basket', 'Proofs bread dough for even rising.'),
(154, 'Bread Lame', 'Scores dough for controlled expansion during baking.'),
(155, 'Broiler Pan', 'Cooks food under high heat in the oven.'),
(156, 'Sushi Knife', 'Slices fish thinly for sushi.'),
(157, 'Rice Cooker', 'Cooks rice perfectly every time.'),
(158, 'Tamagoyaki Pan', 'Used for making Japanese rolled omelets.'),
(159, 'Bamboo Sushi Mat', 'Rolls sushi tightly and evenly.'),
(160, 'Teppanyaki Griddle', 'Cooks food on a flat hot surface typical for Japanese cuisine.'),
(161, 'Bamboo Steamer', 'Steams dumplings buns and vegetables.'),
(162, 'Chiller', 'A chiller is a device used in the refrigeration industry to maintain temperatures lower than room temperature.'),
(163, 'Wok Ring', 'Stabilizes a wok on a standard stove.'),
(164, 'Chinese Cleaver', 'Versatile knife for chopping and slicing in Chinese cooking.'),
(165, 'Dumpling Mold', 'Shapes and seals dumplings quickly.'),
(166, 'Tortilla Press', 'Flattens dough to make tortillas.'),
(167, 'Molcajete', 'Traditional Mexican mortar and pestle for grinding spices.'),
(168, 'Comal', 'Flat griddle for cooking tortillas and roasting vegetables.'),
(169, 'Taco Holder', 'Holds tacos upright for filling and serving.'),
(170, 'Paellera', 'Shallow pan for making paella common in Mexican-Spanish fusion.'),
(171, 'Tandoor Oven', 'Cooks tandoori dishes and naan bread in Indian cuisine.'),
(172, 'Spice Box (Masala Dabba)', 'Organizes and stores commonly used spices in Indian cooking.'),
(173, 'Chapati Board and Rolling Pin', 'Rolls out and cooks chapati or roti.'),
(174, 'Idli Steamer', 'Steams idlis (savory rice cakes) in Indian cuisine.'),
(175, 'Greek Coffee Pot (Briki)', 'Brews traditional Greek coffee.'),
(176, 'Olive Pitter', 'Removes pits from olives essential in Greek cuisine.'),
(177, 'Souvlaki Skewers', 'Skewers for grilling souvlaki.'),
(178, 'Spanakopita Pan', 'Bakes spanakopita and other Greek pastries.'),
(179, 'Baklava Cutter', 'Cuts baklava into uniform pieces.'),
(180, 'Smørrebrød Molds', 'Shapes and molds for creating traditional Danish open sandwiches.'),
(181, 'Gravlax Slicer', 'Slices cured salmon thinly for Scandinavian dishes.'),
(182, 'Krumkake Iron', 'Bakes traditional Norwegian krumkake cookies.'),
(183, 'Aebleskiver Pan', 'Cooks Danish aebleskiver (round pancakes).'),
(184, 'Pickling Crock', 'Ferments vegetables common in Scandinavian cuisine.'),
(185, 'Reindeer Meat Grinder', 'Grinds reindeer meat for traditional Scandinavian dishes.'),
(186, 'Lefse Griddle', 'Bakes traditional Norwegian lefse (soft flatbread).'),
(187, 'Finnish Rye Bread Pan', 'Bakes traditional Finnish rye bread.'),
(188, 'Sashimi Knife', 'Slices fish for sashimi in Japanese cuisine.'),
(189, 'Clay Pot (Donabe)', 'Traditional Japanese clay pot for cooking stews and rice dishes.'),
(190, 'Bao Bun Steamer', 'Steams Chinese bao buns.'),
(191, 'Hot Pot', 'Used for cooking and serving hot pot meals in Chinese cuisine.'),
(192, 'Quesadilla Maker', 'Cooks quesadillas evenly and quickly.'),
(193, 'Puri Press', 'Flattens dough for making puris in Indian cuisine.'),
(194, 'Baklava Pan', 'Shallow pan for baking Greek baklava.'),
(195, 'Swedish Meatball Scoop', 'Forms uniform Swedish meatballs.'),
(196, 'Shabu Shabu Pot', 'Used for Japanese hot pot dishes.'),
(197, 'Usuba Knife', 'Japanese knife for cutting vegetables thinly and precisely.'),
(198, 'Bento Box', 'Traditional Japanese lunch box for portioning meals.'),
(199, 'Noodle Strainer', 'Drains noodles common in Japanese and Chinese cuisine.'),
(200, 'Yakiniku Grill', 'Japanese tabletop grill for grilling meats.'),
(201, 'Sushi Rolling Kit', 'Includes tools for rolling and cutting sushi.'),
(202, 'Wok Spatula', 'Special spatula designed for stir-frying in a wok.'),
(203, 'Bamboo Chopsticks', 'Traditional eating utensils for Japanese and Chinese cuisine.'),
(204, 'Rice Paddle', 'Used to serve rice without sticking.'),
(205, 'Teppan Grill', 'Flat grill for Japanese teppanyaki cooking.'),
(206, 'Tortilla Warmer', 'Keeps tortillas warm and pliable.'),
(207, 'Tamale Wrapper', 'Used for wrapping tamales before steaming.'),
(208, 'Enchilada Pan', 'Bakes and serves enchiladas.'),
(209, 'Molinillo', 'Mexican wooden whisk for frothing hot chocolate.'),
(210, 'Salsa Stone Bowl', 'Traditional bowl for making and serving salsa.'),
(211, 'Spice Tawa', 'Indian flat pan for toasting spices.'),
(212, 'Thali Plate', 'Traditional Indian plate with compartments for different dishes.'),
(213, 'Pappadum Roaster', 'Roasts pappadums (thin crispy Indian snacks).'),
(214, 'Chakla Belan', 'Indian round board and rolling pin for making flatbreads.'),
(215, 'Dosa Tawa', 'Large flat pan for making dosas (Indian crepes).'),
(216, 'Greek Lemon Squeezer', 'Extracts juice from lemons essential in Greek cuisine.'),
(217, 'Feta Cheese Container', 'Stores and drains feta cheese.'),
(218, 'Loukoumades Maker', 'Used to shape and fry Greek honey puffs.'),
(219, 'Greek Yogurt Strainer', 'Strains yogurt to make it thick and creamy.'),
(220, 'Pita Bread Bag', 'Keeps pita bread warm and soft.'),
(221, 'Smørrebrød Knife', 'Special knife for spreading toppings on Danish open sandwiches.'),
(222, 'Swedish Rosette Iron', 'Makes traditional Swedish rosette cookies.'),
(223, 'Fish Poacher', 'Long narrow pan for poaching whole fish common in Scandinavian cuisine.'),
(224, 'Lutefisk Tub', 'Used for preparing and soaking lutefisk (traditional Scandinavian fish dish).'),
(225, 'Potato Lefse Stick', 'Used for flipping lefse (Norwegian flatbread) on the griddle.'),
(226, 'Sauna Bucket', 'Used for carrying water to pour over sauna stones part of the Scandinavian sauna experience.'),
(227, 'Muurikka Pan', 'Large outdoor pan used in Finnish cooking.'),
(228, 'Surströmming Can Opener', 'Special opener for Swedish fermented herring cans.'),
(229, 'Salmon Plank', 'Wooden plank for grilling salmon common in Scandinavian cuisine.'),
(230, 'Rømmegrøt Spoon', 'Long-handled spoon for stirring traditional Norwegian porridge.'),
(231, 'Coffee Maker', 'Makes espresso shots'),
(232, 'Dusting Wand', ' For dusting cocoa powder cinnamon etc.'),
(233, 'Mortar', 'A classic kitchen tool used to grind and blend spices herbs and ingredients.'),
(234, 'Cutting Board', 'Used to cut meat fish fruit and vegetable'),
(235, 'Dutch Oven', 'For slow cooking '),
(236, 'Large Pot', 'For cooking broth'),
(237, 'Pie Dish', 'Used for baking pies'),
(238, 'Baking Sheets', 'Used for baking '),
(239, 'Measuring cups', 'For measuring the cream and other ingredients.'),
(240, 'Baking Dish', 'For creating a water bath while baking.'),
(241, 'Blowtorch', 'For caramelizing sugar toppings.'),
(242, 'Kitchen towel', 'For drying out thing.'),
(243, 'Deep Fryer', 'Used for frying'),
(244, 'Chopsticks', 'For eating asian food.'),
(245, 'Roasting pan', 'Used for roasting in the oven.'),
(246, 'Basting Brush', 'For applying glaze or marinade.'),
(247, 'Dipping pot', 'For side sauces.'),
(248, 'Teapot', 'For serving tea.'),
(249, 'Corn Husks ', 'Used or wrapping tamales.'),
(250, 'Serving Plate', 'For serving food.'),
(251, 'Serving Bowl', 'For serving soups.');

-- --------------------------------------------------------

--
-- Table structure for table `food_category`
--

CREATE TABLE `food_category` (
  `fc_id` int(11) NOT NULL,
  `name` varchar(50) NOT NULL,
  `description` text NOT NULL
) ENGINE=InnoDB DEFAULT CHARSET=utf8mb4 COLLATE=utf8mb4_general_ci;

--
-- Dumping data for table `food_category`
--

INSERT INTO `food_category` (`fc_id`, `name`, `description`) VALUES
(1, 'Vegetables', 'Vegetables come in a wide variety of colors, flavors, and textures. They contain vitamins and minerals, carbohydrates, and arean important source of fiber. The vegetable food group includes dark green vegetables, red and orange vegetables, starchy vegetables, and legumes (beans and peas).'),
(2, 'Fruits', 'Fruits bring color, flavor, and important nutrients to your diet. There are so many choices — citrus fruits like oranges and grapefruits; different kinds ofberries; fruits that grow on trees, such as apricots, cherries, peaches, and mangoes; and others like figs, grapes, and pineapples.'),
(3, 'Grains', 'Any food made from wheat, rye, rice, oats, cornmeal, barley, or other cereal grain is a grain product. This includes bread and pasta, breakfast cereal, grits, tortillas, and even popcorn. Grains — along with fruits, vegetables, and dairy —contain carbohydrates, the body’s main source of energy.'),
(4, 'Proteins', 'Proteins are often called the body’s building blocks. They are used to build and repair tissues, and also help your body fight infection. Your body uses extra protein for energy.'),
(5, 'Dairy', 'Consuming dairy helps older adults maintain strong bones and provides several vital nutrients, including calcium, potassium, and vitamin D.'),
(6, 'Oils and solid fats', 'Oils are high in calories, but they are also an important source of nutrients like vitamin E.'),
(7, 'Seasonings', 'Seasoning is the process of supplementing food via herbs, spices, salts, and/or sugar, intended to enhance a particular flavour.');

-- --------------------------------------------------------

--
-- Table structure for table `ingredient`
--

CREATE TABLE `ingredient` (
  `ingredient_id` int(11) NOT NULL,
  `name` varchar(50) NOT NULL,
  `foodCategory_id` int(11) NOT NULL,
  `calories_per_100` int(11) NOT NULL
) ENGINE=InnoDB DEFAULT CHARSET=utf8mb4 COLLATE=utf8mb4_general_ci;

--
-- Dumping data for table `ingredient`
--

INSERT INTO `ingredient` (`ingredient_id`, `name`, `foodCategory_id`, `calories_per_100`) VALUES
(1, 'Beef', 4, 270),
(2, 'Onion', 1, 40),
(3, 'Garlic', 1, 150),
(4, 'Tomatoes', 1, 25),
(5, 'Tomato paste', 1, 80),
(6, 'Dried oregano', 7, 270),
(7, 'Dried thyme', 7, 270),
(8, 'Salt', 7, 0),
(9, 'Pepper', 7, 0),
(10, 'Olive oil', 6, 800),
(11, 'Eggplant', 1, 25),
(12, 'Butter', 5, 725),
(13, 'All-purpose flour', 3, 375),
(14, 'Milk', 5, 70),
(15, 'Nutmeg', 7, 520),
(16, 'Eggs', 4, 150),
(17, 'Parmesan', 5, 420),
(18, 'Dill', 7, 40),
(19, 'Lemon juice', 1, 25),
(20, 'Greek yogurt', 5, 60),
(21, 'Cucumber', 1, 15),
(22, 'Grape leaves', 1, 70),
(23, 'Basmati rice', 3, 150),
(24, 'Parsley', 7, 40),
(25, 'Pine nuts', 4, 700),
(26, 'Raisins', 2, 350),
(27, 'Water', 7, 0),
(28, 'Red onion', 1, 40),
(29, 'Olives', 1, 110),
(30, 'Red wine vinegar', 7, 20),
(31, 'Kritharaki', 3, 360),
(32, 'Zuchini', 1, 30),
(33, 'Parsley', 7, 30),
(34, 'Cinnamon', 7, 250),
(35, 'Spinach', 1, 20),
(36, 'Feta ', 5, 250),
(37, 'Ricotta', 5, 170),
(38, 'Bell peppers', 1, 20),
(39, 'Vegetable broth', 1, 10),
(40, 'Spaghetti', 3, 175),
(41, 'Guanciale', 4, 655),
(42, 'San Marzano tomatoes', 1, 18),
(43, 'Buffala Mozarella', 5, 280),
(44, 'Fresh Basil', 7, 23),
(45, 'Arborio rice', 3, 350),
(46, 'White wine', 7, 80),
(47, 'Saffron threads', 7, 300),
(48, 'Pizza dough', 3, 250),
(49, 'Chicken broth', 4, 10),
(50, 'Carrot', 1, 40),
(51, 'Veal shanks', 4, 230),
(52, 'Veal broth', 4, 10),
(53, 'Beef broth', 4, 10),
(54, 'Lemon zest', 7, 30),
(55, 'Bay leaves', 7, 300),
(56, 'Ladyfingers', 3, 400),
(57, 'Mascarpone', 5, 450),
(58, 'Granulated sugar', 7, 400),
(59, 'Cocoa powder', 7, 230),
(60, 'Dark chocolate', 7, 550),
(61, 'Rum', 7, 230),
(62, 'Vanilla extract', 7, 290),
(63, 'Balsamic vinegar', 7, 90),
(64, 'Chicken broth', 4, 10),
(65, 'Bacon', 4, 550),
(66, 'Button Mushrooms', 1, 20),
(67, 'Pearl onions', 1, 30),
(68, 'Red wine', 7, 80),
(69, 'Brisket', 4, 300),
(70, 'Sea bass', 4, 130),
(71, 'Shrimp', 4, 100),
(72, 'Clams', 4, 75),
(73, 'Pie crust', 3, 350),
(74, 'Heavy cream', 5, 350),
(75, 'Sushi rice', 3, 130),
(76, 'Nori sheets', 1, 40),
(77, 'Rice vinegar', 7, 20),
(78, 'Sugar', 7, 390),
(79, 'Soy sause', 7, 55),
(80, 'Wasabi', 7, 110),
(81, 'Pickled ginger', 7, 60),
(82, 'Cornstratch', 3, 390),
(83, 'Baking powder', 7, 50),
(84, 'Tempura dipping', 7, 60),
(85, 'Ramen noodles', 3, 390),
(86, 'Pork belly', 4, 520),
(87, 'Mirin', 7, 150),
(88, 'Sake', 7, 135),
(89, 'Miso paste', 7, 200),
(90, 'Tofu', 4, 70),
(91, 'Nappa cabbage', 1, 15),
(92, 'Shiitake mushrooms', 1, 35),
(93, 'Green onions', 1, 40),
(94, 'Shiitake sauce', 7, 180),
(95, 'Okonomiyaki sauce', 7, 180),
(96, 'Mayuonaise', 7, 680),
(97, 'Aonori', 7, 350),
(98, 'Katsubushi', 4, 350),
(99, 'Pork loin', 4, 200),
(100, 'Panko', 3, 360),
(101, 'Tonkatsu sauce', 7, 150),
(102, 'Vegatable oil', 6, 890),
(103, 'Lemon wadges', 7, 30),
(104, 'Dashi', 7, 6),
(105, 'Wakame seweed ', 1, 45),
(106, 'Daikon radish', 1, 18),
(107, 'Ginger paste', 7, 80),
(108, 'Garam masala', 7, 350),
(109, 'Paprika', 7, 280),
(110, 'Ground cumin', 7, 280),
(111, 'Ground coriander', 7, 300),
(112, 'Kasuri methi', 7, 300),
(113, 'Fresh coriander', 7, 290),
(114, 'Tumeric powder', 7, 350),
(115, 'Honey', 7, 300),
(116, 'Kashmiri red chili powder', 7, 350),
(117, 'Chiekpeas', 4, 360),
(118, 'Amchar', 7, 320),
(119, 'Biriyani masala', 7, 320),
(120, 'Ghee', 6, 900),
(121, 'Mint leaves', 7, 70),
(122, 'Rice wine', 7, 140),
(123, 'Skewers', 7, 320),
(124, 'Rice wine', 7, 135),
(125, 'Sesame oil', 6, 890),
(126, 'Peanuts ', 4, 560),
(127, 'Vinegar', 7, 20),
(128, 'Ground pork', 4, 250),
(129, 'Silken tofu', 5, 50),
(130, 'Doubanjiang', 7, 200),
(131, 'Paneer', 5, 260),
(132, 'Green chilies', 1, 40),
(133, 'Shaoxin wine', 7, 50),
(134, 'Hoisin sauce', 7, 240),
(135, 'Dumbling wrappers', 3, 300),
(136, 'Duck', 4, 330),
(137, 'Garlic gloves', 1, 150),
(138, 'Pork shoulder', 4, 250),
(139, 'Achiotte paste', 7, 220),
(140, 'Pineapple juice', 2, 50),
(141, 'White vinegar', 7, 20),
(142, 'Cumin', 7, 370),
(143, 'Pineapple ', 2, 50),
(144, 'Corn tortillas', 3, 220),
(145, 'Lime', 2, 30),
(146, 'Avocados', 2, 180),
(147, 'Lime juice', 2, 25),
(148, 'Cilantro', 7, 25),
(149, 'Jalapeno', 1, 30),
(150, 'Poblano cliles', 1, 25),
(151, 'Almonds', 4, 650),
(152, 'Walnut halves', 2, 650),
(153, 'Pomegrante seeds', 2, 90),
(154, 'Tomatillos', 1, 30),
(155, 'Sour cream', 5, 220),
(156, 'Cheddar', 5, 400),
(157, 'Dried ancho chiles', 7, 280),
(158, 'Dried pasilla chiles', 7, 280),
(159, 'Dried mullato chiles', 7, 280),
(160, 'Dried chipotle chiles', 7, 280),
(161, 'Mexican chocolate', 7, 550),
(162, 'Black peppercorns', 7, 250),
(163, 'Masa harina', 3, 360),
(164, 'Lard', 6, 900),
(165, 'Dried corn husks', 7, 0),
(166, 'Red salsa', 7, 50),
(167, 'Hominy', 3, 120),
(168, 'Radishes', 1, 15),
(169, 'Oregano', 7, 310),
(170, 'Salmon fillet', 4, 250),
(171, 'Breadcrumbs', 3, 350),
(172, 'Rye bread slices', 3, 260),
(173, 'Pickled herring fillets', 2, 260),
(174, 'Roast beef', 4, 170),
(175, 'Liver paste', 4, 320),
(176, 'Capers', 7, 20),
(177, 'Leek', 7, 60),
(178, 'Potatoes', 1, 80),
(179, 'Pepper', 7, 30),
(180, 'Skyr culture', 5, 60),
(181, 'Fresh berries', 2, 50),
(182, 'Granola', 3, 470),
(183, 'Dry yeast', 7, 330),
(184, 'Espresso coffee', 7, 2),
(185, 'Ladyfingers', 3, 400),
(186, 'Chicken breast', 4, 150),
(187, 'Pork loin', 4, 180),
(188, 'Chickpeas', 4, 240),
(189, 'Toor dal', 3, 120),
(190, 'Chicken pieces', 4, 150),
(191, 'Ground beef', 4, 170),
(192, 'Rye flour', 3, 330),
(193, 'Skim milk', 5, 40),
(194, 'Bomba rice', 3, 35),
(195, 'Mussels', 4, 70),
(196, 'Squid', 4, 90),
(197, 'Peas', 1, 80),
(198, 'Mushrooms', 1, 20),
(199, 'Gochujang', 7, 200),
(200, 'Shallots', 1, 70),
(201, 'Sesame seeds', 1, 570),
(202, 'Soy sauce', 7, 60),
(203, 'Zuchinni', 1, 15),
(204, 'Spinach', 1, 25),
(205, 'Sweet Potato noodles', 1, 160),
(206, 'Sushi-Grade Fish', 4, 130),
(207, 'Vegetables', 1, 35),
(208, 'Cornstarch', 5, 380),
(209, 'Bamboo shoots', 1, 30),
(210, 'Tenkasu', 7, 450),
(211, 'Pineapple Chunks', 2, 50),
(212, 'Ketchup', 7, 100),
(213, 'Ginger', 7, 80),
(214, 'Red chilli flakes', 7, 280),
(215, 'Chinese five spice powder', 7, 370),
(216, 'White Pepper', 7, 280),
(217, 'Mustard Seeds', 7, 510),
(218, 'Asafoetida', 7, 330),
(219, 'Chaat Masala', 7, 330),
(220, 'Skewers', 1, 0),
(221, 'Achiote Paste', 7, 150),
(222, 'Dries Fruit', 2, 300),
(223, 'Creme Cheese', 5, 350),
(224, 'All spice', 7, 260),
(225, 'Fish Stock', 4, 20),
(226, 'Chicken Thighs', 4, 210),
(227, 'Lettuce', 1, 20);

-- --------------------------------------------------------

--
-- Table structure for table `meal_category`
--

CREATE TABLE `meal_category` (
  `mealCategory_id` int(11) NOT NULL,
  `name` varchar(50) NOT NULL
) ENGINE=InnoDB DEFAULT CHARSET=utf8mb4 COLLATE=utf8mb4_general_ci;

--
-- Dumping data for table `meal_category`
--

INSERT INTO `meal_category` (`mealCategory_id`, `name`) VALUES
(1, 'Breakfast '),
(2, 'Brunch'),
(3, 'Lunch'),
(4, 'Appetizers'),
(5, 'Dinner '),
(6, 'Dessert'),
(7, 'Special Occasions');

-- --------------------------------------------------------

--
-- Table structure for table `nutritional_info`
--

CREATE TABLE `nutritional_info` (
  `nutritional_info_id` int(11) NOT NULL,
  `recipe_id` int(11) NOT NULL,
  `fat_per_portion` decimal(5,2) DEFAULT NULL,
  `protein_per_portion` decimal(5,2) DEFAULT NULL,
  `carbs_per_portion` decimal(5,2) DEFAULT NULL,
  `total_calories_per_portion` decimal(10,4) DEFAULT NULL
) ENGINE=InnoDB DEFAULT CHARSET=utf8mb4 COLLATE=utf8mb4_general_ci;

--
-- Dumping data for table `nutritional_info`
--

INSERT INTO `nutritional_info` (`nutritional_info_id`, `recipe_id`, `fat_per_portion`, `protein_per_portion`, `carbs_per_portion`, `total_calories_per_portion`) VALUES
(1, 1, 7.90, 5.60, 10.10, 61.0000),
(2, 2, 3.00, 4.50, 3.00, 22.0000),
(3, 3, 6.50, 3.20, 11.70, 117.0000),
(4, 4, 5.40, 2.50, 2.80, 61.0000),
(5, 5, 6.00, 4.60, 20.50, 150.0000),
(6, 6, 8.50, 5.00, 15.00, 160.0000),
(7, 7, 7.20, 2.90, 13.70, 130.0000),
(8, 8, 11.20, 6.00, 10.40, 168.0000),
(9, 9, 9.00, 11.00, 29.00, 250.0000),
(10, 10, 7.00, 4.00, 25.00, 180.0000),
(11, 11, 8.00, 15.00, 3.00, 150.0000),
(12, 12, 19.00, 5.00, 27.00, 285.0000),
(13, 13, 10.00, 5.00, 4.00, 120.0000),
(14, 14, 7.00, 8.00, 4.00, 125.0000),
(15, 15, 9.00, 10.00, 3.00, 140.0000),
(16, 16, 5.50, 1.50, 8.00, 85.0000),
(17, 17, 3.00, 10.00, 3.00, 80.0000),
(18, 18, 18.00, 8.00, 15.00, 250.0000),
(19, 19, 18.00, 4.50, 18.00, 240.0000),
(20, 20, 2.00, 5.00, 28.00, 140.0000),
(21, 21, 15.00, 4.00, 15.00, 210.0000),
(22, 22, 7.00, 6.00, 30.00, 220.0000),
(23, 23, 10.00, 10.00, 10.00, 180.0000),
(24, 24, 8.00, 7.00, 15.00, 160.0000),
(25, 25, 16.00, 13.00, 12.00, 240.0000),
(26, 26, 1.00, 3.00, 5.00, 40.0000),
(27, 27, 10.00, 13.00, 10.00, 190.0000),
(28, 28, 14.00, 14.00, 15.00, 250.0000),
(29, 29, 10.00, 8.00, 8.00, 150.0000),
(30, 30, 28.00, 14.00, 4.00, 330.0000),
(31, 31, 6.00, 6.00, 18.00, 150.0000),
(32, 32, 18.00, 16.00, 20.00, 300.0000),
(33, 33, 1.00, 2.00, 7.00, 40.0000),
(34, 34, 8.00, 12.00, 7.00, 150.0000),
(35, 35, 14.00, 8.00, 8.00, 190.0000),
(36, 36, 12.00, 12.00, 6.00, 180.0000),
(37, 37, 6.00, 7.00, 18.00, 140.0000),
(38, 38, 8.00, 7.00, 25.00, 200.0000),
(39, 39, 5.00, 6.00, 12.00, 120.0000),
(40, 40, 12.00, 10.00, 6.00, 170.0000),
(41, 41, 10.00, 10.00, 12.00, 180.0000),
(42, 42, 14.00, 2.00, 9.00, 160.0000),
(43, 43, 15.00, 7.00, 15.00, 220.0000),
(44, 44, 10.00, 8.00, 20.00, 190.0000),
(45, 45, 18.00, 8.00, 12.00, 230.0000),
(46, 46, 10.00, 8.00, 22.00, 210.0000),
(47, 47, 5.00, 7.00, 10.00, 110.0000),
(48, 48, 6.00, 20.00, 1.00, 150.0000),
(49, 49, 18.00, 15.00, 10.00, 250.0000),
(50, 50, 10.00, 8.00, 20.00, 200.0000),
(51, 51, 5.00, 8.00, 6.00, 100.0000),
(52, 52, 7.00, 5.00, 25.00, 180.0000),
(53, 53, 0.50, 11.00, 4.00, 60.0000),
(54, 54, 12.00, 7.00, 40.00, 290.0000),
(55, 55, 3.50, 9.00, 19.00, 140.0000),
(56, 56, 12.00, 6.00, 30.00, 250.0000),
(57, 57, 7.00, 5.00, 25.00, 180.0000),
(58, 58, 11.00, 7.00, 25.00, 210.0000);

-- --------------------------------------------------------

--
-- Table structure for table `quantity`
--

CREATE TABLE `quantity` (
  `quantity_id` int(11) NOT NULL,
  `quantity` decimal(5,2) DEFAULT NULL,
  `unit_id` int(11) NOT NULL
) ENGINE=InnoDB DEFAULT CHARSET=utf8mb4 COLLATE=utf8mb4_general_ci;

--
-- Dumping data for table `quantity`
--

INSERT INTO `quantity` (`quantity_id`, `quantity`, `unit_id`) VALUES
(1, 1.00, 14),
(2, 1.00, 22),
(3, 1.00, 3),
(4, 1.00, 4),
(5, 1.00, 4),
(6, 1.00, 9),
(7, 1.00, 15),
(8, 2.00, 2),
(9, 1.00, 36),
(10, 4.00, 3),
(11, 0.25, 5),
(12, 2.00, 5),
(13, 1.00, 6),
(14, 2.00, 12),
(15, 0.25, 5),
(16, 2.00, 5),
(17, 1.00, 10),
(18, 2.00, 7),
(19, 2.00, 3),
(20, 1.00, 3),
(21, 2.00, 3),
(22, 2.00, 3),
(23, 1.00, 9),
(24, 1.00, 9),
(25, 1.00, 8),
(26, 1.00, 5),
(27, 1.00, 10),
(28, 0.25, 5),
(29, 0.25, 5),
(30, 0.25, 5),
(31, 0.25, 5),
(32, 0.25, 5),
(33, 1.00, 21),
(34, 1.00, 9),
(35, 1.00, 9),
(36, 1.00, 15),
(37, 2.00, 12),
(38, 1.00, 10),
(39, 1.00, 11),
(40, 0.50, 5),
(41, 0.50, 5),
(42, 0.25, 5),
(43, 2.00, 3),
(44, 1.00, 4),
(45, 1.00, 9),
(46, 1.00, 9),
(47, 1.00, 5),
(48, 1.00, 22),
(49, 1.00, 10),
(50, 1.00, 10),
(51, 1.00, 11),
(52, 2.00, 7),
(53, 2.00, 3),
(54, 1.00, 4),
(55, 2.00, 3),
(56, 1.00, 9),
(57, 1.00, 9),
(58, 1.00, 6),
(59, 1.00, 25),
(60, 1.00, 13),
(61, 500.00, 1),
(62, 200.00, 1),
(63, 200.00, 1),
(64, 3.00, 2),
(65, 1.00, 12),
(66, 0.25, 5),
(67, 0.25, 5),
(68, 1.00, 9),
(69, 1.00, 9),
(70, 1.00, 6),
(71, 6.00, 12),
(72, 4.00, 12),
(73, 2.00, 10),
(74, 2.00, 11),
(75, 1.00, 5),
(76, 1.00, 12),
(77, 2.00, 2),
(78, 2.00, 3),
(79, 0.25, 5),
(80, 2.00, 3),
(81, 0.25, 5),
(82, 1.00, 9),
(83, 1.00, 9),
(84, 1.00, 4),
(85, 2.00, 5),
(86, 400.00, 1),
(87, 150.00, 1),
(88, 4.00, 2),
(89, 100.00, 1),
(90, 1.00, 9),
(91, 1.00, 9),
(92, 1.00, 16),
(93, 1.00, 5),
(94, 200.00, 1),
(95, 1.00, 17),
(96, 1.00, 18),
(97, 1.00, 9),
(98, 1.00, 9),
(99, 300.00, 1),
(100, 1.00, 10),
(101, 0.50, 5),
(102, 1.00, 6),
(103, 1.00, 19),
(104, 50.00, 1),
(105, 100.00, 1),
(106, 1.00, 9),
(107, 1.00, 9),
(108, 4.00, 20),
(109, 0.50, 5),
(110, 1.00, 12),
(111, 1.00, 12),
(112, 1.00, 12),
(113, 3.00, 7),
(114, 400.00, 1),
(115, 1.00, 5),
(116, 2.00, 5),
(117, 1.00, 17),
(118, 1.00, 21),
(119, 2.00, 2),
(120, 3.00, 3),
(121, 1.00, 9),
(122, 1.00, 9),
(123, 24.00, 20),
(124, 1.00, 5),
(125, 500.00, 1),
(126, 4.00, 2),
(127, 0.50, 5),
(128, 1.00, 26),
(129, 1.00, 25),
(130, 2.00, 3),
(131, 1.00, 4),
(132, 4.00, 12),
(133, 250.00, 1),
(134, 1.00, 17),
(135, 1.00, 18),
(136, 1.00, 18),
(137, 1.00, 9),
(138, 1.00, 9),
(139, 1.50, 27),
(140, 200.00, 1),
(141, 250.00, 1),
(142, 200.00, 1),
(143, 2.00, 12),
(144, 4.00, 7),
(145, 750.00, 19),
(146, 500.00, 19),
(147, 2.00, 3),
(148, 2.00, 3),
(149, 3.00, 24),
(150, 2.00, 2),
(151, 2.00, 3),
(152, 1.50, 27),
(153, 200.00, 1),
(154, 250.00, 1),
(155, 200.00, 1),
(156, 2.00, 12),
(157, 4.00, 7),
(158, 750.00, 37),
(159, 500.00, 37),
(160, 2.00, 3),
(161, 2.00, 3),
(162, 3.00, 24),
(163, 2.00, 2),
(164, 2.00, 3),
(165, 1.00, 9),
(166, 1.00, 12),
(167, 2.00, 10),
(168, 2.00, 2),
(169, 1.00, 12),
(170, 2.00, 7),
(171, 4.00, 10),
(172, 2.00, 3),
(173, 1.00, 17),
(174, 1.00, 3),
(175, 3.00, 3),
(176, 1.00, 9),
(177, 800.00, 1),
(178, 500.00, 1),
(179, 1.00, 12),
(180, 1.00, 12),
(181, 1.00, 12),
(182, 4.00, 7),
(183, 4.00, 10),
(184, 2.00, 3),
(185, 1.00, 6),
(186, 3.00, 24),
(187, 2.00, 2),
(188, 3.00, 3),
(189, 1.00, 9),
(190, 1.00, 2),
(191, 200.00, 1),
(192, 200.00, 1),
(193, 4.00, 2),
(194, 300.00, 37),
(195, 1.00, 6),
(196, 1.00, 9),
(197, 500.00, 37),
(198, 6.00, 2),
(199, 100.00, 1),
(200, 2.00, 4),
(201, 1.00, 6),
(202, 2.00, 5),
(203, 1.00, 28),
(204, 1.00, 28),
(205, 1.00, 28),
(206, 3.00, 3),
(207, 2.00, 3),
(208, 1.00, 4),
(209, 1.00, 29),
(210, 1.00, 29),
(211, 1.00, 30),
(212, 1.00, 28),
(213, 1.00, 28),
(214, 1.00, 5),
(215, 0.50, 5),
(216, 1.00, 4),
(217, 1.00, 5),
(218, 1.00, 2),
(219, 0.50, 4),
(220, 1.00, 31),
(221, 1.00, 30),
(222, 500.00, 1),
(223, 4.00, 20),
(224, 6.00, 5),
(225, 0.25, 5),
(226, 0.25, 5),
(227, 0.25, 5),
(228, 2.00, 3),
(229, 1.00, 25),
(230, 1.00, 25),
(231, 1.00, 25),
(232, 400.00, 1),
(233, 1.00, 32),
(234, 0.50, 33),
(235, 100.00, 1),
(236, 1.00, 34),
(237, 4.00, 20),
(238, 1.00, 34),
(239, 200.00, 1),
(240, 1.00, 28),
(241, 1.00, 29),
(242, 1.00, 5),
(243, 1.00, 4),
(244, 0.75, 5),
(245, 2.00, 2),
(246, 4.00, 5),
(247, 200.00, 1),
(248, 4.00, 2),
(249, 0.50, 5),
(250, 1.00, 30),
(251, 1.00, 30),
(252, 1.00, 30),
(253, 1.00, 30),
(254, 1.00, 30),
(255, 4.00, 35),
(256, 1.00, 9),
(257, 1.00, 5),
(258, 2.00, 2),
(259, 2.00, 5),
(260, 1.00, 31),
(261, 1.00, 30),
(262, 1.00, 30),
(263, 1.00, 30),
(264, 4.00, 5),
(265, 3.00, 3),
(266, 0.50, 32),
(267, 2.00, 3),
(268, 2.00, 2),
(269, 4.00, 2),
(270, 1.00, 28),
(271, 1.00, 28),
(272, 500.00, 1),
(273, 2.00, 3),
(274, 1.00, 3),
(275, 1.00, 3),
(276, 2.00, 3),
(277, 2.00, 2),
(278, 4.00, 6),
(279, 1.00, 3),
(280, 4.00, 6),
(281, 0.25, 5),
(282, 1.00, 4),
(283, 1.00, 3),
(284, 1.00, 3),
(285, 500.00, 1),
(286, 1.00, 9),
(287, 0.25, 5),
(288, 1.00, 2),
(289, 1.00, 31),
(290, 1.00, 2),
(291, 1.00, 2),
(292, 1.00, 5),
(293, 0.25, 5),
(294, 2.00, 3),
(295, 2.00, 3),
(296, 2.00, 3),
(297, 0.50, 5),
(298, 400.00, 1),
(299, 200.00, 1),
(300, 2.00, 3),
(301, 1.00, 3),
(302, 1.00, 3),
(303, 1.00, 3),
(304, 2.00, 3),
(305, 2.00, 2),
(306, 1.00, 3),
(307, 4.00, 2),
(308, 0.50, 5),
(309, 1.00, 4),
(310, 0.50, 4),
(311, 1.00, 4),
(312, 1.00, 4),
(313, 2.00, 27),
(314, 1.00, 9),
(315, 1.00, 3),
(316, 1.00, 3),
(317, 3.00, 3),
(318, 3.00, 3),
(319, 2.00, 3),
(320, 1.00, 3),
(321, 2.00, 3),
(322, 1.00, 2),
(323, 4.00, 2),
(324, 1.00, 28),
(325, 1.00, 28),
(326, 200.00, 1),
(327, 200.00, 1),
(328, 200.00, 1),
(329, 4.00, 2),
(330, 1.00, 2),
(331, 2.00, 2),
(332, 2.00, 3),
(333, 1.00, 3),
(334, 1.00, 3),
(335, 1.00, 3),
(336, 1.00, 3),
(337, 500.00, 1),
(338, 0.50, 5),
(339, 1.00, 2),
(340, 2.00, 3),
(341, 2.00, 3),
(342, 2.00, 3),
(343, 2.00, 3),
(344, 4.00, 2),
(345, 1.00, 2),
(346, 2.00, 2),
(347, 4.00, 2),
(348, 1.00, 31),
(349, 4.00, 5),
(350, 200.00, 1),
(351, 50.00, 1),
(352, 0.50, 5),
(353, 2.00, 2),
(354, 2.00, 3),
(355, 2.00, 3),
(356, 2.00, 3),
(357, 0.50, 4),
(358, 1.00, 4),
(359, 4.00, 2),
(360, 500.00, 1),
(361, 1.00, 5),
(362, 2.00, 3),
(363, 2.00, 3),
(364, 2.00, 4),
(365, 1.00, 4),
(366, 1.00, 4),
(367, 1.00, 4),
(368, 1.00, 9),
(369, 2.00, 3),
(370, 1.00, 2),
(371, 1.00, 5),
(372, 0.50, 5),
(373, 1.00, 3),
(374, 1.00, 25),
(375, 500.00, 1),
(376, 200.00, 1),
(377, 1.00, 2),
(378, 1.00, 2),
(379, 1.00, 3),
(380, 2.00, 2),
(381, 1.00, 4),
(382, 0.50, 4),
(383, 1.00, 4),
(384, 0.50, 4),
(385, 0.50, 5),
(386, 1.00, 3),
(387, 500.00, 1),
(388, 0.50, 5),
(389, 2.00, 3),
(390, 2.00, 3),
(391, 2.00, 4),
(392, 1.00, 4),
(393, 1.00, 4),
(394, 1.00, 4),
(395, 1.00, 9),
(396, 2.00, 3),
(397, 1.00, 2),
(398, 1.00, 5),
(399, 0.50, 5),
(400, 1.00, 3),
(401, 400.00, 1),
(402, 1.00, 2),
(403, 1.00, 2),
(404, 1.00, 3),
(405, 2.00, 2),
(406, 1.00, 4),
(407, 0.50, 4),
(408, 1.00, 4),
(409, 0.50, 4),
(410, 1.00, 4),
(411, 1.00, 3),
(412, 1.00, 25),
(413, 1.00, 30),
(414, 2.00, 5),
(415, 500.00, 1),
(416, 0.50, 5),
(417, 2.00, 2),
(418, 1.00, 2),
(419, 2.00, 3),
(420, 2.00, 2),
(421, 2.00, 4),
(422, 0.50, 4),
(423, 1.00, 2),
(424, 0.25, 5),
(425, 4.00, 3),
(426, 1.00, 25),
(427, 1.00, 25),
(428, 1.00, 25),
(429, 1.00, 5),
(430, 1.00, 2),
(431, 1.00, 2),
(432, 2.00, 2),
(433, 1.00, 3),
(434, 0.50, 4),
(435, 1.00, 4),
(436, 0.50, 4),
(437, 1.00, 2),
(438, 0.50, 4),
(439, 0.50, 4),
(440, 1.00, 25),
(441, 1.00, 30),
(442, 1.00, 2),
(443, 1.00, 2),
(444, 0.50, 5),
(445, 1.00, 3),
(446, 1.00, 4),
(447, 0.50, 4),
(448, 0.50, 4),
(449, 0.50, 4),
(450, 0.50, 4),
(451, 0.50, 4),
(452, 1.00, 3),
(453, 2.00, 3),
(454, 1.00, 28),
(455, 1.00, 30),
(456, 1.00, 30),
(457, 1.00, 1),
(458, 0.25, 5),
(459, 0.25, 5),
(460, 2.00, 3),
(461, 4.00, 2),
(462, 1.00, 4),
(463, 1.00, 4),
(464, 1.00, 4),
(465, 0.50, 4),
(466, 1.00, 5),
(467, 1.00, 28),
(468, 0.50, 5),
(469, 1.00, 2),
(470, 2.00, 2),
(471, 3.00, 2),
(472, 1.00, 21),
(473, 0.50, 10),
(474, 1.00, 11),
(475, 2.00, 3),
(476, 1.00, 1),
(477, 1.00, 7),
(478, 1.00, 9),
(479, 6.00, 2),
(480, 500.00, 27),
(481, 1.00, 2),
(482, 2.00, 2),
(483, 1.00, 2),
(484, 0.50, 5),
(485, 0.25, 5),
(486, 2.00, 3),
(487, 1.00, 9),
(488, 1.00, 5),
(489, 0.50, 5),
(490, 100.00, 1),
(491, 2.00, 3),
(492, 0.25, 5),
(493, 1.00, 25),
(494, 500.00, 1),
(495, 12.00, 12),
(496, 500.00, 1),
(497, 2.00, 2),
(498, 0.50, 1),
(499, 2.00, 2),
(500, 0.50, 5),
(501, 1.00, 21),
(502, 1.00, 5),
(503, 0.50, 5),
(504, 1.00, 5),
(505, 2.00, 3),
(506, 1.50, 27),
(507, 4.00, 4),
(508, 4.00, 4),
(509, 2.00, 4),
(510, 2.00, 4),
(511, 1.00, 2),
(512, 4.00, 2),
(513, 2.00, 2),
(514, 0.25, 5),
(515, 0.25, 5),
(516, 0.25, 5),
(517, 50.00, 1),
(518, 1.00, 2),
(519, 2.00, 2),
(520, 1.00, 4),
(521, 1.00, 4),
(522, 4.00, 5),
(523, 3.00, 3),
(524, 2.00, 3),
(525, 1.00, 9),
(526, 4.00, 5),
(527, 4.00, 5),
(528, 1.00, 3),
(529, 1.00, 5),
(530, 1.00, 4),
(531, 35.00, 2),
(532, 500.00, 1),
(533, 1.00, 5),
(534, 1.00, 27),
(535, 1.00, 27),
(536, 1.00, 2),
(537, 4.00, 4),
(538, 4.00, 4),
(539, 0.50, 2),
(540, 1.00, 5),
(541, 0.50, 2),
(542, 2.00, 2),
(543, 1.00, 4),
(544, 1.00, 9),
(545, 1.00, 27),
(546, 0.25, 5),
(547, 0.25, 5),
(548, 1.00, 34),
(549, 1.00, 3),
(550, 250.00, 1),
(551, 250.00, 1),
(552, 1.00, 2),
(553, 0.25, 5),
(554, 0.25, 5),
(555, 1.00, 2),
(556, 0.25, 4),
(557, 1.00, 4),
(558, 0.25, 4),
(559, 2.00, 3),
(560, 2.00, 3),
(561, 2.00, 5),
(562, 0.25, 5),
(563, 4.00, 2),
(564, 4.00, 3),
(565, 200.00, 1),
(566, 200.00, 1),
(567, 200.00, 1),
(568, 2.00, 2),
(569, 1.00, 2),
(570, 1.00, 25),
(571, 2.00, 3),
(572, 1.00, 2),
(573, 500.00, 1),
(574, 200.00, 1),
(575, 2.00, 2),
(576, 1.00, 2),
(577, 3.00, 2),
(578, 1.00, 2),
(579, 1.00, 19),
(580, 1.00, 5),
(581, 2.00, 3),
(582, 1.00, 25),
(583, 1.00, 9),
(584, 1.00, 9),
(585, 1.00, 5),
(586, 0.25, 5),
(587, 0.25, 4),
(588, 0.25, 5),
(589, 1.00, 5),
(590, 2.00, 5),
(591, 2.00, 3),
(592, 2.00, 2),
(593, 2.00, 3),
(594, 1.00, 19),
(595, 2.00, 3),
(596, 1.00, 5),
(597, 2.00, 3),
(598, 0.25, 5),
(599, 4.00, 5),
(600, 1.00, 38),
(601, 0.25, 4),
(602, 1.00, 5),
(603, 0.50, 5),
(604, 0.50, 5),
(605, 0.50, 4),
(606, 1.00, 2),
(607, 0.50, 5),
(608, 1.00, 2),
(609, 2.00, 5),
(610, 0.25, 5),
(611, 1.00, 2),
(612, 1.00, 2),
(613, 2.00, 2),
(614, 1.00, 2),
(615, 1.00, 4),
(616, 0.50, 4),
(617, 4.00, 5),
(618, 1.00, 14),
(619, 0.50, 14),
(620, 0.50, 14),
(621, 0.50, 14),
(622, 0.50, 5),
(623, 1.00, 9),
(624, 1.00, 9),
(625, 1.00, 30),
(626, 1.00, 5),
(627, 1.00, 3),
(628, 2.00, 3),
(629, 1.00, 5),
(630, 2.00, 2),
(631, 0.25, 4),
(632, 1.00, 4),
(633, 1.00, 28),
(634, 8.00, 15),
(635, 0.50, 14),
(636, 1.00, 16),
(637, 0.50, 5),
(638, 3.00, 35),
(639, 1.00, 35),
(640, 3.00, 3),
(641, 2.00, 3),
(642, 1.00, 3),
(643, 1.00, 3),
(644, 2.00, 3),
(645, 1.00, 9),
(646, 1.00, 9),
(647, 1.00, 28),
(648, 2.00, 5),
(649, 0.50, 14),
(650, 0.50, 14),
(651, 1.00, 16),
(652, 1.00, 5),
(653, 1.00, 28),
(654, 2.00, 3),
(655, 2.00, 3),
(656, 1.00, 3),
(657, 1.00, 16),
(658, 1.00, 3),
(659, 1.00, 25),
(660, 1.00, 2),
(661, 1.00, 30),
(662, 1.00, 25),
(663, 1.00, 30),
(664, 2.00, 2),
(665, 1.00, 3),
(666, 1.00, 9),
(667, 1.00, 28),
(668, 3.00, 3),
(669, 1.00, 3),
(670, 200.00, 1),
(671, 1.00, 19);

-- --------------------------------------------------------

--
-- Table structure for table `recipe`
--

CREATE TABLE `recipe` (
  `recipe_id` int(11) NOT NULL,
  `name` varchar(50) NOT NULL,
  `description` text NOT NULL,
  `difficulty` int(11) DEFAULT NULL,
  `prep_time` int(11) NOT NULL,
  `cook_time` int(11) NOT NULL,
  `cuisine_id` int(11) NOT NULL,
  `basicIngredient_id` int(11) NOT NULL,
  `tip1` text DEFAULT NULL,
  `tip2` text DEFAULT NULL,
  `tip3` text DEFAULT NULL,
  `created_by` int(11) DEFAULT NULL
) ;

--
-- Dumping data for table `recipe`
--

INSERT INTO `recipe` (`recipe_id`, `name`, `description`, `difficulty`, `prep_time`, `cook_time`, `cuisine_id`, `basicIngredient_id`, `tip1`, `tip2`, `tip3`, `created_by`) VALUES
(1, 'Mousakas', 'Moussaka consists of layers of sautéed eggplant, minced meat (typically lamb), and potatoes, topped with a creamy béchamel sauce and baked to golden perfection.', 4, 45, 60, 7, 11, 'Eggplant can sometimes be bitter and absorb a lot of oil when fried. To mitigate this, slice the eggplant, sprinkle each slice with salt, and let them sit for about 30 minutes.', 'Layering is key.Make sure to layer your ingredients evenly and generously.', 'Let it rest: After baking your moussaka, allow it to rest for at least 15-20 minutes before slicing and serving.', NULL),
(2, 'Tzatziki', 'Made with Greek yogurt, cucumber, garlic, olive oil, and fresh herbs like dill or mint, tzatziki is commonly served as a dip with pita bread or as a condiment for grilled meats.', 1, 15, 0, 7, 20, 'After grating the cucumber, place it in a fine mesh strainer over a bowl and sprinkle it with a little salt and let it sit for about 10-15 minutes.', 'Opt for thick, strained Greek yogurt rather than regular yogurt for a creamier and richer tzatziki.', 'Tzatziki tastes best when the flavors have had time to meld together. After preparing the tzatziki, cover it and refrigerate for at least 30 minutes to an hour before serving.', NULL),
(3, 'Dolmadakia', 'Dolmades are grape leaves stuffed with a mixture of rice, onions, pine nuts, herbs, and sometimes ground meat. They are typically served as an appetizer or part of a meze platter and can be enjoyed hot or cold.', 3, 40, 60, 7, 22, 'When selecting grape leaves for dolmadakia, opt for young, tender leaves that are free from tears or blemishes.', 'Aim for compact, cigar-shaped rolls to prevent them from unraveling during cooking.', 'To ensure that your dolmadakia are tender and flavorful, consider steaming them rather than boiling them in water.', NULL),
(4, 'Horiatiki', 'Greek salad features fresh and colorful ingredients such as tomatoes, cucumbers, red onions, olives, and feta cheese, drizzled with olive oil and sprinkled with dried oregano.', 1, 20, 0, 7, 4, 'The key to a great Horiatiki salad is using the freshest and ripest ingredients available.', 'To ensure a visually appealing presentation and even distribution of flavors, cut the ingredients into uniform sizes.', 'To prevent the salad from becoming watery and soggy, it\'s best to season and dress it just before serving.', NULL),
(5, 'Sioufixta', 'A Greek pasta dish featuring al dente pasta cooked in a savory tomato-based sauce. Enriched with aromatic herbs and spices like oregano and garlic, it often includes a medley of vegetables for added flavor and texture', 3, 15, 20, 7, 31, 'Select a pasta shape that complements the hearty tomato-based sauce of Sioufixta. Orzo and kritharaki are traditional choices.', 'Build layers of flavor in the sauce by using a variety of herbs and spices.', ' Simmering allows the ingredients to meld together, intensifying the taste of the sauce.', NULL),
(6, 'Spanakopita', 'A delicious savory pastry, spanakopita features layers of flaky phyllo dough filled with a mixture of spinach, feta cheese, onions, eggs, and herbs.', 3, 45, 50, 7, 35, 'Spinach contains a lot of moisture, which can make your spanakopita filling watery if not properly drained.', 'Phyllo dough is delicate and prone to tearing, so handle it gently to avoid ripping the sheets.', 'To make it easier to portion your spanakopita after baking, use a sharp knife to score the top layer of phyllo dough before placing it in the oven.', NULL),
(7, 'Gemista', 'Gemista is a Greek dish of stuffed vegetables, typically tomatoes, bell peppers, or zucchini. These veggies are filled with a mixture of rice, onions, herbs, and sometimes ground meat, then baked until tender.', 4, 40, 90, 7, 38, 'Select vegetables that are firm and ripe for stuffing. Opt for tomatoes, bell peppers, or zucchini that are free from bruises or soft spots.', 'To ensure that the vegetables cook evenly and become tender without falling apart during baking, consider parboiling them before stuffing.', 'To prevent the rice filling from drying out during baking and to add extra flavor, consider incorporating moisture-rich ingredients into the filling mixture.', NULL),
(8, 'Carbonara', 'A classic pasta dish made with spaghetti, eggs,  guanciale (cured pork jowl), Pecorino Romano cheese, and black pepper. The creamy sauce is created by mixing raw eggs with the hot pasta and pancetta, resulting in a flavorful dish.', 3, 10, 15, 1, 16, 'When adding the beaten eggs to the hot pasta, it\'s essential to work quickly to prevent the eggs from scrambling. Remove the pasta from the heat and immediately toss it with the egg mixture.', 'Since carbonara is a simple dish with few ingredients, the quality of each component is crucial.', 'Before draining the cooked pasta, be sure to reserve some of the starchy pasta water. This water helps to emulsify the sauce and bind it to the pasta, creating a creamy texture.', NULL),
(9, 'Margherita Pizza', 'This iconic pizza features a thin crust topped with San Marzano tomato sauce, fresh mozzarella cheese, basil leaves, and a drizzle of extra virgin olive oil.', 3, 90, 10, 1, 48, 'Since Margherita pizza is a simple dish with few toppings, the quality of the ingredients is crucial.', 'To achieve a crisp and perfectly cooked crust, it\'s essential to preheat your oven and pizza stone (if using) 30 minutes before baking it.', 'Margherita pizza is all about simplicity and balance. Avoid overloading the pizza with toppings, as this can weigh down the crust and make it soggy.', NULL),
(10, 'Risotto alla Milansese', 'A creamy rice dish cooked with saffron-infused broth, onions, white wine, and Parmesan cheese.', 4, 10, 30, 1, 45, 'Arborio rice is the traditional choice for making risotto due to its high starch content, which gives risotto its creamy texture.', 'Toasting the rice in butter or olive oil before adding liquid helps to enhance its nutty flavor and creates a firm outer shell that prevents the grains from becoming mushy.', 'Toasting the rice in butter or olive oil before adding liquid helps to enhance its nutty flavor and creates a firm outer shell that prevents the grains from becoming mushy.', NULL),
(11, 'Osso Buco', 'A hearty Milanese specialty consisting of braised veal shanks cooked with onions, carrots, celery, white wine, and tomatoes.', 4, 20, 180, 1, 51, 'Browning the meat before braising adds depth of flavor and richness to the dish.', 'Look for veal or beef shanks that are about 1.5 to 2 inches thick with plenty of marrow in the bones.', 'Braise slowly and genlty so that the collagen in the connective tissues  break down,resulting in a meltying meat.', NULL),
(12, 'Tiramisu', 'A popular Italian dessert made with layers of coffee-soaked ladyfingers, creamy mascarpone cheese, cocoa powder, and sometimes a splash of Marsala wine or rum.', 2, 30, 600, 1, 185, 'Since Tiramisu is a simple dessert with few ingredients, the quality of each component is essential.', 'When dipping the ladyfingers into the coffee mixture, be sure to soak them briefly to prevent them from becoming soggy.', 'Tiramisu benefits from some time in the refrigerator to allow the flavors to meld together and the texture to set.', NULL),
(13, 'Caprese Salad', 'A simple yet elegant salad made with ripe tomatoes, fresh mozzarella cheese, basil leaves, extra virgin olive oil, and balsamic vinegar.', 1, 10, 0, 1, 4, 'Since tomatoes are the star ingredient of Caprese salad, it\'s essential to select ripe and flavorful ones.', 'Opt for fresh mozzarella cheese, also known as buffalo mozzarella, for the best texture and flavor.', 'Fresh basil leaves and extra virgin olive oil are essential components of Caprese salad that add depth of flavor and freshness.', NULL),
(14, 'Coq au Vin', 'A classic French dish featuring chicken braised with wine, bacon (lardons), mushrooms, onions, and garlic.', 3, 30, 150, 2, 186, 'Choose good-quality chicken and wine for the best flavor. Traditionally, Coq au Vin is made with a rooster, but chicken thighs or legs work well too.', 'For extra flavor, marinate the chicken in the wine mixture overnight before cooking.', 'If the sauce is too thin, you can thicken it by mixing a tablespoon of flour with a tablespoon of butter (beurre manié) and stirring it into the sauce during the last few minutes of cooking.', NULL),
(15, 'Boeuf Bourguignon', 'Boeuf bourguignon is a rich and hearty beef stew cooked with red wine, carrots, onions, mushrooms, and herbs. This dish is known for its tender meat and deep, complex flavors.', 4, 30, 150, 2, 69, 'Use a tough, flavorful cut of beef such as chuck or brisket for the best results. These cuts benefit from long, slow cooking and become tender and succulent.', 'Take the time to brown the beef cubes well before braising. This step adds depth of flavor and richness to the dish.', 'After browning the beef, deglaze the pan with wine or broth to loosen any browned bits stuck to the bottom. This adds flavor to the sauce and prevents it from being gritty.', NULL),
(16, 'Ratatouille', 'A traditional Provençal vegetable stew made with eggplant, zucchini, bell peppers, onions, tomatoes, garlic, and herbs.', 2, 20, 50, 2, 38, 'To ensure that each vegetable is cooked properly and retains its individual flavor and texture, sauté them separately before combining them in the pot.', 'Choose ripe, flavorful tomatoes for the best-tasting ratatouille. If fresh tomatoes are not available, you can use canned tomatoes instead.', 'Ratatouille tastes even better the next day after the flavors have had time to meld together. Make it ahead of time and reheat it gently before serving.', NULL),
(17, 'Bouillabaise', 'A seafood stew originating from the port city of Marseille, bouillabaisse features a variety of fish and shellfish simmered in a broth made with tomatoes, onions, garlic, saffron, and herbs.', 5, 30, 45, 2, 70, 'Bouillabaisse traditionally includes a mix of different types of fish and shellfish. Use a variety of seafood for a more complex flavor profile', 'Serve bouillabaisse with rouille, a garlicky saffron mayonnaise. It adds a delicious flavor and creamy texture to the dish.', 'Add the seafood to the broth just before serving and cook it briefly until just cooked through. Overcooking can cause the seafood to become tough and rubbery.', NULL),
(18, 'Quiche Lorraine', 'A classic French tart made with a savory custard filling of eggs, cream, cheese, and bacon or lardons, baked in a buttery pastry crust', 2, 30, 45, 2, 73, 'To prevent a soggy bottom, blind bake the pastry crust before adding the filling. Line the crust with parchment paper and fill it with pie weights or dried beans to keep it from puffing up.', 'Traditional Quiche Lorraine is made with Gruyère cheese, which has a nutty flavor that complements the eggs and bacon perfectly.', 'Quiche is best served warm or at room temperature, so let it cool slightly before slicing and serving.', NULL),
(19, 'Creme Brulee', 'A decadent French dessert consisting of a rich custard base topped with a layer of caramelized sugar.', 3, 20, 45, 2, 58, 'Bake the crème brûlée in a water bath (bain-marie) to ensure gentle, even cooking and prevent the custard from curdling or cracking.', 'Chill the crème brûlée in the refrigerator for at least 2 hours, or preferably overnight, before serving. This allows the custard to set properly and enhances the flavor.', 'Sprinkle a thin layer of sugar on top of the chilled custards just before serving, then use a kitchen torch to caramelize the sugar until it forms a crisp, golden crust. Serve immediately for the best texture and flavor.', NULL),
(20, 'Sushi Rolls', 'A staple of Japanese cuisine, sushi rolls consist of vinegared rice combined with various fillings such as seafood, vegetables, and sometimes tropical fruits, all wrapped in nori', 3, 40, 0, 3, 75, 'Choose fresh and high-quality ingredients, including sushi-grade fish, vegetables, and nori (seaweed). Freshness and quality are key to making delicious sushi rolls.', 'Cook sushi rice according to package instructions and season it with sushi vinegar (rice vinegar, sugar, and salt) for authentic flavor and texture.', 'Practice proper rolling techniques to achieve tightly rolled sushi rolls. Use a bamboo sushi mat to help roll the ingredients tightly and evenly.\n', NULL),
(21, 'Tempura', 'Tempura is a popular Japanese dish featuring battered and deep-fried seafood and vegetables. Common ingredients include shrimp, fish, squid, eggplant, sweet potato, and bell pepper.', 2, 25, 20, 3, 71, 'Keep the batter and ingredients cold before dipping them in the batter and frying. Cold ingredients and batter result in a lighter and crispier tempura coating.', 'Mix the tempura batter lightly to avoid overmixing, which can lead to a heavy coating. The batter should be lumpy and thin, resulting in a delicate and crispy texture.', 'Fry the tempura in small batches to maintain the oil temperature and ensure even cooking. Overcrowding the fryer can lower the oil temperature and result in greasy tempura.', NULL),
(22, 'Ramen', 'Ramen is a flavorful noodle soup that typically contains wheat noodles served in a savory broth, topped with ingredients such as sliced pork (chashu), bamboo shoots, green onions, and a seasoned soft-boiled egg.', 4, 40, 180, 3, 85, 'For the most flavorful ramen, make your own broth using a combination of pork bones, chicken carcasses, vegetables, and aromatics. Simmer the broth for several hours to extract maximum flavor.', 'Cook ramen noodles according to package instructions and shock them in ice water to stop the cooking process and prevent them from becoming mushy. Reheat them briefly in hot broth before serving.', 'Customize your ramen with an array of toppings such as sliced pork (chashu), soft-boiled eggs, bamboo shoots, nori (seaweed), green onions, and bean sprouts to create your favorite bowl of ramen.', NULL),
(23, 'Shukiyaki', 'Sukiyaki is a hot pot dish made with thinly sliced beef, tofu, vegetables (such as napa cabbage, mushrooms, and green onions), and glass noodles, all cooked in a sweet and savory soy sauce-based broth.', 3, 25, 40, 3, 1, 'Slice the beef, tofu, and vegetables thinly to ensure they cook quickly and evenly in the hot pot.', 'Layer the ingredients in the hot pot, starting with the beef, tofu, and vegetables, and then adding the broth, soy sauce, sugar, and mirin to create layers of flavor.', 'Enjoy sukiyaki by dipping the cooked ingredients in a raw beaten egg before eating. The egg adds richness and creaminess to the dish.', NULL),
(24, 'Okonomiyaki', 'Often referred to as Japanese savory pancakes or Japanese pizza, okonomiyaki is made with a batter of flour, grated yam, eggs, shredded cabbage, and various fillings such as pork belly, shrimp, squid, or cheese, cooked on a griddle and topped with okonomiyaki sauce, mayonnaise, bonito flakes, and seaweed flakes.', 3, 30, 15, 3, 16, 'Adjust the consistency of the batter by adding more or less water to achieve the desired thickness. The batter should be thick enough to hold the ingredients together but still spreadable.', 'Cook okonomiyaki on low to medium heat to ensure even cooking and prevent burning. Flip the okonomiyaki gently to avoid breaking it apart.', 'Customize your okonomiyaki with a variety of toppings such as okonomiyaki sauce, mayonnaise, bonito flakes, and nori flakes to suit your taste preferences.', NULL),
(25, 'Tonkatsu', ' Tonkatsu is a breaded and deep-fried pork cutlet that is typically served with shredded cabbage and a side of tonkatsu sauce, a sweet and tangy sauce similar to Worcestershire sauce.', 2, 20, 15, 3, 187, 'Pound the pork cutlets to an even thickness using a meat mallet or rolling pin. This ensures that the meat cooks evenly and results in a tender and juicy tonkatsu.', 'Coat the pork cutlets with panko breadcrumbs for a light and crispy crust. Press the breadcrumbs firmly onto the meat to ensure they adhere well.', 'Fry the tonkatsu in hot oil (around 170-180°C or 340-360°F) until golden brown and crispy on both sides. Avoid overcrowding the fryer to maintain the oil temperature.', NULL),
(26, 'Miso Soup', 'Miso soup is a traditional Japanese soup made with dashi (fish broth), miso paste (fermented soybean paste), tofu, seaweed, and various ingredients such as green onions, mushrooms, and tofu.\n\n', 2, 15, 15, 3, 89, 'Make dashi (Japanese soup stock) using kombu (dried kelp) and katsuobushi (dried bonito flakes) for a flavorful base. Alternatively, you can use instant dashi granules for convenience.', 'Dissolve miso paste in a small amount of hot broth before adding it to the soup. Adding miso paste directly to boiling broth can destroy its delicate flavor.', 'Customize your miso soup with ingredients such as tofu, wakame seaweed, green onions, mushrooms, and cooked seafood or meat for added flavor and texture.', NULL),
(27, 'Kung Pao Chicken', 'A spicy stir-fry dish made with diced chicken, peanuts, vegetables, and chili peppers, flavored with a sweet and savory sauce made with soy sauce, hoisin sauce, and vinegar.', 2, 20, 15, 4, 186, 'Marinate the chicken pieces in a mixture of soy sauce, rice wine, and cornstarch for at least 15-20 minutes before cooking.', 'Adjust the amount of dried red chili peppers according to your spice tolerance. Remove the seeds for a milder flavor or add more for extra heat.', 'Add the peanuts towards the end of cooking to maintain their crunchiness. This prevents them from becoming soggy in the sauce.\n', NULL),
(28, ' Sweet and Sour Pork', 'Crispy battered pork pieces tossed in a tangy sweet and sour sauce made with ketchup, vinegar, sugar, and soy sauce, along with bell peppers, onions, and pineapple.', 2, 25, 15, 4, 187, 'Coat the pork pieces in cornstarch before frying to create a crispy exterior. This helps the pork stay tender and prevents it from drying out during frying.', 'Include pineapple juice in the sweet and sour sauce for natural sweetness and acidity. It adds depth of flavor and enhances the overall taste of the dish.', 'Adjust the amount of sugar and vinegar in the sauce to achieve the desired balance of sweetness and sourness according to your preference.\n', NULL),
(29, 'Mapo Tofu', 'A spicy Sichuan dish made with tofu, minced meat (usually pork or beef), fermented black beans, chili paste, and Sichuan peppercorns, cooked in a flavorful sauce.', 3, 20, 15, 4, 90, 'Use soft or silken tofu for a creamy texture that contrasts well with the bold flavors of the sauce. Firm tofu can be used if preferred, but it will result in a firmer texture.', 'Toast the Sichuan peppercorns in a dry pan before grinding them. This releases their fragrant oils and enhances their flavor.', 'Adjust the amount of chili bean paste and dried chili peppers to control the spiciness of the dish. Remove some or all of the seeds from the chili peppers for a milder flavor.\n', NULL),
(30, 'Pecking Duck', 'A famous dish from Beijing consisting of roasted duck with crispy skin, served with thin pancakes, hoisin sauce, sliced cucumbers, and green onions for wrapping.', 4, 35, 120, 4, 136, 'After rinsing and patting the duck dry, allow it to air-dry in the refrigerator for several hours or overnight. This helps to crisp up the skin during roasting.', ' Use a fan to blow air over the duck while it\'s air-drying in the refrigerator. This helps to further dry out the skin and promote crispiness.', 'To achieve tender meat and crispy skin, roast the duck at a high temperature initially to render fat and then lower the temperature to finish cooking.', NULL),
(31, 'Dim Sum', 'Dim sum refers to a variety of small, bite-sized dishes traditionally served in bamboo steamers or on small plates. Popular dim sum dishes include steamed dumplings, buns, spring rolls, and rice noodle rolls.', 5, 20, 20, 4, 135, 'Prepare the filling and dough for dim sum dishes in advance to streamline the cooking process.', 'Cover the dough with a damp cloth while working with it to prevent it from drying out.', 'Steam dim sum dishes gently over simmering water to prevent them from becoming soggy. Avoid overcrowding the steamer to allow proper circulation of steam.', NULL),
(32, 'General Tso\'s Chicken', 'A popular American-Chinese dish featuring crispy fried chicken pieces coated in a sweet and spicy sauce made with soy sauce, hoisin sauce, ginger, garlic, and chili peppers.', 2, 25, 15, 4, 186, 'Double fry the chicken pieces for extra crispiness. Fry them once at a lower temperature to cook the chicken through, then fry them again at a higher temperature to achieve a crispy exterior.', 'Adjust the amount of sugar and chili peppers in the sauce to achieve the desired balance of sweetness and spiciness.', 'Garnish the finished dish with thinly sliced green onions for freshness and color.', NULL),
(33, 'Hot and Sour Soup', 'A tangy and spicy soup made with chicken or pork broth, tofu, wood ear mushrooms, bamboo shoots, eggs, and flavored with vinegar, white pepper, and chili oil.', 2, 15, 20, 4, 49, 'Use a flavorful broth made from chicken or pork bones for the base of the soup. This forms the foundation of the soup\'s flavor profile.', 'Adjust the amount of vinegar and white pepper in the soup to achieve the desired balance of sourness and spiciness.', 'Add ingredients such as tofu, mushrooms, and bamboo shoots gradually to control their cooking time and ensure they\'re cooked to perfection.', NULL),
(34, 'Chicken Tikka Masala', 'Tender pieces of marinated chicken cooked in a rich and creamy tomato-based sauce, flavored with aromatic spices like garam masala, cumin, and coriander.', 3, 25, 40, 5, 108, 'Marinate the chicken for at least 30 minutes or preferably overnight to allow the flavors to penetrate the meat fully.', 'For a creamier and richer sauce, add cashew paste or ground cashews to the tomato base along with cream.', 'Garnish the dish with crushed kasuri methi (dried fenugreek leaves) for an authentic flavor and aroma.', NULL),
(35, 'Palak Paneer', 'A creamy and nutritious dish made with paneer (Indian cottage cheese) cooked in a spinach gravy seasoned with garlic, ginger, and spices such as turmeric and cumin.', 2, 20, 20, 5, 35, 'Blanch the spinach leaves before blending to retain their vibrant green color.', 'Gently fold in the paneer cubes towards the end of cooking to prevent them from becoming too soft or breaking apart.', 'Adjust the creaminess of the gravy by adding more or less cream according to your preference.', NULL),
(36, 'Butter Chicken', 'Succulent pieces of chicken cooked in a velvety tomato-based gravy enriched with butter, cream, and aromatic spices like fenugreek, cardamom, and cloves.', 3, 25, 40, 5, 186, 'For a smoky flavor, grill or char the marinated chicken before adding it to the sauce.', 'Allow the sauce to simmer gently to develop complex flavors and ensure the chicken is cooked through.', 'Add a knob of butter and a splash of cream at the end of cooking for a velvety texture and richness.', NULL),
(37, 'Chole', 'A flavorful curry made with chickpeas cooked in a spiced tomato-onion gravy, seasoned with ginger, garlic, and a blend of ground spices like cumin, coriander, and garam masala.', 2, 20, 35, 5, 188, 'If using dried chickpeas, soak them overnight or for at least 6 hours to reduce cooking time and improve digestibility.', 'Add a tea bag or a piece of amla (Indian gooseberry) while cooking chickpeas to darken the color and enhance flavor.', 'Mash some chickpeas with the back of a spoon to thicken the gravy and add texture.', NULL),
(38, 'Biryani', 'A fragrant rice dish cooked with meat (chicken, mutton, or beef), vegetables, or seafood, layered with aromatic spices, saffron-infused rice, and garnished with fried onions, nuts, and fresh herbs.\n\n', 4, 40, 90, 5, 119, 'Layer the rice and cooked meat or vegetables in a heavy-bottomed pot to ensure even cooking and distribution of flavors.', 'Seal the pot with a tight-fitting lid or dough to trap steam and prevent moisture loss during cooking.', 'Allow the biryani to rest for 10-15 minutes after cooking to allow the flavors to meld and the rice to absorb any excess moisture.', NULL),
(39, 'Dal Tadka', 'A comforting lentil dish made with yellow lentils (usually split pigeon peas or red lentils) cooked with onions, tomatoes, ginger, garlic, and tempered with spices like cumin, mustard seeds, and dried red chilies.\n\n', 2, 15, 40, 5, 189, 'Master the art of tempering (tadka) by heating ghee or oil with whole spices until fragrant, then adding it to the cooked lentils for added flavor.', 'Adjust the consistency of the dal by adding more water if it\'s too thick or simmering longer to thicken if it\'s too thin.', 'Garnish the dal with fresh cilantro, a squeeze of lemon juice, and a dollop of ghee for extra flavor and aroma.', NULL),
(40, 'Paneer TIkka', 'Cubes of paneer marinated in a spicy yogurt-based marinade, skewered, and grilled until charred and smoky, served with mint chutney and onion rings.', 2, 20, 20, 5, 131, 'Marinate the paneer cubes overnight for maximum flavor absorption.', 'Thread the marinated paneer and vegetables onto skewers for easy grilling and flipping.', 'Baste the paneer and vegetables with melted butter or oil while grilling for a golden crust and extra flavor.', NULL),
(41, 'Tacos el Pastor', 'Tacos al Pastor are made with marinated pork that is traditionally cooked on a vertical rotisserie, similar to shawarma. The meat is thinly sliced and served on small corn tortillas with pineapple, onions, cilantro, and salsa.', 4, 30, 30, 6, 144, 'Marinate the pork for at least a few hours, preferably overnight, to ensure it absorbs all the flavors.', 'If you don\'t have a vertical rotisserie, you can grill the marinated meat or cook it in a hot skillet to achieve a nice char.', 'Serve the tacos with freshly chopped cilantro, onions, and a squeeze of lime for an authentic taste.\n', NULL),
(42, 'Guacamole', 'Guacamole is a creamy avocado-based dip or spread, typically mixed with lime juice, tomatoes, onions, cilantro, jalapeños, and seasoning. It is commonly served with tortilla chips or used as a topping for various Mexican dishes.', 1, 10, 0, 6, 146, 'Use ripe avocados for the best texture and flavor. They should be slightly soft but not mushy.', 'Add the lime juice immediately after mashing the avocados to prevent them from browning', 'For a chunky texture, mix in the diced tomatoes, onions, and other ingredients gently.', NULL),
(43, 'Chiles en Nogada', 'Chiles en Nogada is a festive dish featuring poblano chiles stuffed with a mixture of meat, fruits, and spices, then covered with a creamy walnut sauce (nogada) and garnished with pomegranate seeds and parsley.', 5, 60, 60, 6, 150, 'Roast and peel the poblano chiles carefully to avoid tearing them, which makes stuffing easier.', 'Balance the sweetness of the stuffing with savory ingredients to create a well-rounded flavor.', ' Chill the walnut sauce before serving to enhance its creamy texture and flavor contrast with the warm chiles.', NULL),
(44, 'Enchiladas Verdes', 'Enchiladas Verdes are corn tortillas filled with shredded chicken or cheese, rolled up, and covered with a tangy green tomatillo sauce. They are often topped with crema, cheese, onions, and cilantro.\n', 3, 20, 30, 6, 186, 'Lightly fry the tortillas before filling them to prevent them from becoming soggy.', 'Use fresh tomatillos for the sauce to get the best tangy flavor.', 'Add a touch of cream or crema on top before serving to balance the acidity of the sauce.', NULL),
(45, 'Mole Poblano', 'Mole Poblano is a rich, complex sauce made with over 20 ingredients, including various types of chiles, spices, chocolate, and nuts. It is typically served over chicken or turkey and is known for its deep, layered flavors.', 5, 60, 150, 6, 190, 'Toast the spices and chiles well to bring out their deep, rich flavors before blending them into the sauce.', 'Be patient with the sauce; it requires slow simmering to develop its complex flavors fully.', ' Strain the sauce after blending to achieve a smooth consistency.\n', NULL),
(46, 'Tamales ', 'Tamales are made from masa (corn dough) filled with meats, cheeses, or sweet fillings, then wrapped in corn husks or banana leaves and steamed.', 4, 90, 90, 6, 163, 'Soak the corn husks in warm water for at least 30 minutes to make them pliable for wrapping.', 'Spread the masa evenly and not too thickly on the husks to ensure even cooking.', 'Steam the tamales upright, ensuring they don’t touch the water, to cook them evenly and prevent them from becoming waterlogged.\n', NULL),
(47, 'Pozole', 'Pozole is a hearty soup or stew made with hominy (dried maize kernels), meat (usually pork or chicken), and seasoned with garlic, chilies, and other spices. It is typically garnished with shredded cabbage, radishes, lime, and oregano.', 3, 30, 150, 6, 167, 'Use dried hominy if possible for the best texture, and soak it overnight before cooking.', 'Skim off any foam that forms on the surface during cooking to keep the broth clear.', 'Prepare a variety of garnishes (like shredded cabbage, radishes, and lime) to add freshness and crunch to the soup.', NULL),
(48, 'Gravlax', 'Gravlax is a traditional Nordic dish made by curing salmon with a mixture of salt, sugar, and dill. It’s typically served thinly sliced with mustard sauce and rye bread.', 2, 20, 0, 8, 170, 'Use the freshest salmon possible to ensure the best flavor and texture.', 'Weigh down the salmon with a heavy plate or pan while it cures to ensure even pressure and absorption of the curing mixture.', 'Slice the gravlax very thinly against the grain for the best texture and presentation.', NULL),
(49, 'Swedish Meatballs', 'Swedish meatballs are small, savory meatballs made from a mix of ground beef and pork, flavored with spices, and served with a creamy gravy.', 3, 30, 30, 8, 191, 'Use a mix of ground beef and pork for the best flavor and texture.', 'Chill the meat mixture before forming meatballs; this makes them easier to shape and helps them hold together better when cooking.', ' Don’t overcrowd the pan when frying the meatballs; cook them in batches if necessary to ensure they brown evenly.', NULL),
(50, 'Danish Smorrebrod', 'Smørrebrød are open-faced sandwiches made with dense, dark rye bread topped with a variety of ingredients such as pickled herring, cured meats, cheeses, and garnishes like capers and onions.\n', 2, 20, 0, 8, 173, 'Use high-quality, dense rye bread as the base for authentic smørrebrød.', 'Layer ingredients thoughtfully to balance flavors and textures; start with a spread, then add proteins, vegetables, and garnishes.', 'Serve immediately after assembling to keep the bread from becoming soggy.', NULL),
(51, 'Norwegian Fish Soup', 'Fiskesuppe is a creamy, hearty soup made with a variety of fresh fish and seafood, potatoes, carrots, leeks, and often seasoned with dill.', 3, 15, 40, 8, 170, 'Use a variety of fresh fish and seafood to add depth of flavor to the soup.', 'Add the fish pieces towards the end of cooking to prevent them from overcooking and falling apart.', 'Garnish with fresh dill and a squeeze of lemon juice just before serving to brighten the flavors.', NULL),
(52, 'Finish Karjalanpiirakka', 'Karjalanpiirakka are traditional Finnish pastries with a thin rye crust filled with a creamy rice porridge.', 4, 60, 30, 8, 192, 'Roll the rye dough very thinly to achieve the characteristic crispy crust.', 'Make sure the rice porridge filling is thick and creamy but not too wet, to avoid soggy pasties.', 'Serve with egg butter (chopped hard-boiled eggs mixed with butter) for a traditional Finnish accompaniment.', NULL),
(53, 'Icelandic Skyr', 'Skyr is a thick, creamy dairy product similar to yogurt but technically a cheese. It’s high in protein and often served with berries, honey, or granola.', 2, 10, 0, 8, 193, 'If making from scratch, use a high-quality starter culture to ensure a thick, creamy consistency.', 'Strain the skyr through cheesecloth to achieve the desired thickness if it seems too runny.', 'Serve with fresh berries, honey, or granola for added flavor and texture.', NULL),
(54, ' Lussekatter', ' Lussekatter are sweet, saffron-flavored buns traditionally baked for St. Lucia\'s Day in Sweden. They are shaped into various forms, often resembling an \"S\" and decorated with raisins.', 3, 60, 20, 8, 47, ' Allow the dough to rise in a warm, draft-free area to ensure it doubles in size properly.', 'Use a light touch when shaping the buns to avoid deflating the dough.', 'Brush the buns with an egg wash before baking for a beautiful golden color.', NULL),
(55, 'Paella', 'It\'s a vibrant saffron-infused rice dish traditionally cooked in a wide shallow pan. Paella combines a variety of ingredients such as chicken, seafood, and vegetables, making it a flavorful and hearty meal that\'s perfect for sharing', 4, 30, 40, 9, 194, 'Opt for Bomba rice or another short-grain variety that can absorb a lot of liquid without becoming mushy. This is crucial for achieving the desired texture.', 'Sauté your sofrito until it’s deeply caramelized. This forms the flavor base of the dish so don\'t rush this step.', ' Once you add the broth to the rice avoid stirring. This helps form the socarrat and the crispy layer at the bottom which is a hallmark of authentic paella.', NULL),
(56, 'Churros', 'Churros are a beloved Spanish dessert often enjoyed at breakfast or as a snack. These deep-fried dough pastries are crispy on the outside and soft on the inside typically dusted with cinnamon sugar.', 3, 15, 20, 9, 13, 'Ensure the dough is thick but smooth. It should be able to pass through a piping bag without being too runny or too stiff.', 'Maintain the oil temperature at 350°F (175°C). Too hot and the churros will burn outside while remaining raw inside; too cool and they’ll absorb too much oil and become greasy.', 'Pipe the dough directly into the oil in uniform lengths to ensure even frying. Use a slotted spoon to turn them for consistent color and texture.', NULL),
(57, 'Japchae', 'Japchae is a popular Korean dish made with sweet potato glass noodles stir-fried with a variety of vegetables thinly sliced beef and seasoned with soy sauce and sesame oil.', 3, 20, 15, 10, 205, ' Boil the sweet potato noodles according to the package instructions and rinse them under cold water immediately to stop the cooking process and maintain their chewy texture.', 'Have all your vegetables, meat and seasonings prepped and ready before you start cooking as Japchae comes together quickly once you start stir-frying.', 'Taste and adjust the seasoning before serving. ', NULL),
(58, 'Bibimbap', 'Bibimbap is a popular Korean mixed rice dish that translates to mixed rice with meat and assorted vegetables. It typically includes a variety of sautéed vegetables sliced beef a fried egg and gochujang.', 4, 25, 15, 10, 23, 'Use high-quality short-grain or medium-grain rice. Properly cooked rice should be sticky enough to hold the toppings together.', 'Cook each vegetable and meat component separately to ensure each has its distinct flavor and texture then combine them in the bowl.', 'Make a flavorful gochujang sauce by mixing gochujang with a bit of sesame oil sugar and water. This sauce ties all the ingredients together and adds the signature spicy kick.', NULL);

-- --------------------------------------------------------

--
-- Table structure for table `recipe_equipment`
--

CREATE TABLE `recipe_equipment` (
  `equipment_id` int(11) NOT NULL,
  `recipe_id` int(11) NOT NULL
) ENGINE=InnoDB DEFAULT CHARSET=utf8mb4 COLLATE=utf8mb4_general_ci;

--
-- Dumping data for table `recipe_equipment`
--

INSERT INTO `recipe_equipment` (`equipment_id`, `recipe_id`) VALUES
(1, 1),
(1, 2),
(1, 3),
(1, 4),
(1, 5),
(1, 6),
(1, 7),
(1, 8),
(1, 9),
(1, 10),
(1, 11),
(1, 13),
(1, 14),
(1, 15),
(1, 16),
(1, 17),
(1, 18),
(1, 19),
(1, 22),
(1, 30),
(1, 41),
(1, 42),
(1, 43),
(1, 44),
(1, 45),
(1, 46),
(1, 47),
(1, 48),
(1, 49),
(1, 50),
(1, 51),
(1, 52),
(1, 55),
(1, 56),
(1, 57),
(1, 58),
(3, 48),
(6, 9),
(6, 18),
(6, 19),
(6, 52),
(6, 54),
(7, 2),
(8, 10),
(8, 58),
(9, 5),
(10, 1),
(11, 1),
(11, 3),
(11, 5),
(11, 7),
(11, 8),
(11, 10),
(11, 11),
(11, 12),
(11, 14),
(11, 15),
(11, 16),
(11, 19),
(11, 21),
(11, 23),
(11, 24),
(11, 26),
(11, 34),
(11, 35),
(11, 36),
(11, 37),
(11, 38),
(11, 39),
(11, 43),
(11, 44),
(11, 45),
(11, 47),
(11, 56),
(11, 58),
(13, 1),
(13, 5),
(13, 8),
(13, 25),
(13, 58),
(14, 11),
(14, 14),
(14, 15),
(14, 16),
(14, 18),
(14, 19),
(14, 49),
(15, 1),
(16, 27),
(16, 28),
(16, 29),
(16, 32),
(16, 34),
(16, 57),
(17, 1),
(17, 6),
(17, 7),
(17, 12),
(26, 1),
(26, 3),
(26, 4),
(26, 5),
(26, 6),
(26, 7),
(26, 8),
(26, 9),
(26, 10),
(26, 11),
(26, 12),
(26, 13),
(26, 14),
(26, 15),
(26, 16),
(26, 17),
(26, 18),
(26, 19),
(26, 21),
(26, 22),
(26, 23),
(26, 24),
(26, 25),
(26, 26),
(26, 27),
(26, 28),
(26, 29),
(26, 32),
(26, 34),
(26, 35),
(26, 36),
(26, 37),
(26, 38),
(26, 39),
(26, 40),
(26, 42),
(26, 50),
(26, 51),
(26, 54),
(26, 55),
(26, 56),
(26, 57),
(26, 58),
(27, 3),
(27, 6),
(27, 9),
(27, 10),
(27, 11),
(27, 12),
(27, 14),
(27, 15),
(27, 50),
(27, 51),
(27, 54),
(28, 1),
(28, 2),
(28, 3),
(28, 4),
(28, 5),
(28, 6),
(28, 7),
(28, 8),
(28, 9),
(28, 10),
(28, 11),
(28, 12),
(28, 18),
(28, 19),
(28, 21),
(28, 22),
(28, 23),
(28, 24),
(28, 25),
(28, 26),
(28, 27),
(28, 28),
(28, 29),
(28, 31),
(28, 32),
(28, 34),
(28, 35),
(28, 36),
(28, 37),
(28, 38),
(28, 39),
(28, 41),
(28, 42),
(28, 43),
(28, 44),
(28, 45),
(28, 46),
(28, 47),
(28, 48),
(28, 56),
(28, 57),
(28, 58),
(29, 49),
(29, 52),
(29, 53),
(29, 54),
(29, 57),
(29, 58),
(30, 17),
(30, 21),
(30, 22),
(30, 23),
(30, 26),
(30, 33),
(30, 34),
(30, 51),
(30, 55),
(31, 3),
(31, 4),
(31, 10),
(31, 13),
(31, 14),
(31, 15),
(32, 9),
(32, 12),
(32, 24),
(32, 27),
(32, 28),
(32, 29),
(32, 32),
(32, 49),
(32, 55),
(34, 3),
(34, 5),
(34, 6),
(34, 7),
(34, 8),
(34, 10),
(34, 11),
(34, 14),
(34, 15),
(34, 16),
(34, 17),
(34, 21),
(34, 22),
(34, 23),
(34, 24),
(34, 25),
(34, 26),
(34, 27),
(34, 28),
(34, 29),
(34, 32),
(34, 55),
(34, 56),
(34, 57),
(34, 58),
(37, 7),
(37, 14),
(37, 15),
(37, 16),
(37, 17),
(37, 21),
(37, 22),
(37, 23),
(37, 25),
(37, 26),
(37, 57),
(37, 58),
(41, 35),
(41, 43),
(41, 44),
(41, 45),
(42, 58),
(44, 31),
(44, 46),
(48, 4),
(48, 7),
(51, 2),
(51, 5),
(51, 8),
(51, 21),
(51, 22),
(51, 23),
(51, 26),
(51, 57),
(53, 34),
(53, 38),
(53, 40),
(53, 41),
(54, 9),
(59, 6),
(59, 54),
(60, 1),
(60, 8),
(60, 12),
(60, 18),
(60, 19),
(60, 21),
(60, 22),
(60, 23),
(60, 24),
(60, 25),
(60, 26),
(60, 27),
(60, 28),
(60, 29),
(60, 31),
(60, 32),
(60, 33),
(60, 34),
(60, 36),
(60, 37),
(60, 38),
(60, 39),
(60, 40),
(60, 41),
(60, 42),
(60, 43),
(60, 44),
(60, 45),
(60, 46),
(60, 47),
(60, 53),
(61, 53),
(63, 2),
(66, 24),
(66, 34),
(66, 40),
(66, 41),
(67, 11),
(67, 16),
(67, 17),
(67, 18),
(67, 19),
(67, 21),
(67, 22),
(67, 23),
(67, 24),
(67, 25),
(67, 26),
(67, 27),
(67, 28),
(67, 29),
(67, 31),
(67, 33),
(67, 34),
(67, 35),
(67, 36),
(67, 37),
(67, 38),
(67, 39),
(67, 54),
(77, 4),
(80, 52),
(82, 56),
(84, 30),
(85, 50),
(88, 9),
(92, 13),
(94, 42),
(102, 17),
(102, 21),
(119, 12),
(129, 50),
(140, 21),
(150, 53),
(156, 20),
(157, 20),
(157, 27),
(157, 28),
(157, 29),
(157, 30),
(157, 32),
(157, 34),
(157, 35),
(157, 36),
(157, 37),
(157, 38),
(157, 39),
(159, 20),
(170, 55),
(204, 20),
(231, 12),
(231, 19),
(232, 12),
(232, 19),
(233, 19),
(234, 1),
(234, 2),
(234, 3),
(234, 4),
(234, 5),
(234, 6),
(234, 7),
(234, 8),
(234, 9),
(234, 10),
(234, 11),
(234, 13),
(234, 16),
(234, 17),
(234, 18),
(234, 19),
(234, 41),
(234, 42),
(234, 43),
(234, 44),
(234, 45),
(234, 46),
(234, 47),
(234, 48),
(234, 49),
(234, 50),
(234, 51),
(234, 52),
(234, 55),
(234, 57),
(234, 58),
(235, 14),
(235, 15),
(235, 45),
(235, 46),
(236, 17),
(236, 22),
(236, 26),
(236, 35),
(236, 36),
(236, 37),
(236, 38),
(236, 39),
(236, 47),
(236, 49),
(236, 51),
(236, 53),
(236, 55),
(237, 18),
(237, 19),
(238, 18),
(238, 19),
(238, 48),
(238, 52),
(238, 54),
(239, 19),
(239, 36),
(239, 37),
(239, 38),
(239, 39),
(239, 40),
(239, 43),
(239, 44),
(239, 45),
(239, 46),
(239, 47),
(239, 49),
(239, 51),
(239, 52),
(239, 53),
(239, 54),
(239, 55),
(239, 56),
(239, 57),
(239, 58),
(240, 43),
(240, 44),
(240, 48),
(241, 19),
(242, 19),
(242, 24),
(242, 25),
(242, 27),
(242, 28),
(242, 29),
(242, 30),
(242, 31),
(242, 32),
(242, 33),
(242, 34),
(242, 35),
(242, 36),
(242, 37),
(242, 38),
(242, 39),
(242, 40),
(242, 41),
(242, 42),
(242, 43),
(242, 44),
(242, 45),
(242, 46),
(242, 47),
(242, 48),
(242, 49),
(242, 50),
(242, 51),
(242, 52),
(242, 53),
(242, 56),
(243, 21),
(243, 56),
(244, 20),
(244, 22),
(244, 23),
(244, 33),
(245, 30),
(246, 30),
(247, 31),
(248, 33),
(249, 46),
(250, 1),
(250, 2),
(250, 3),
(250, 4),
(250, 5),
(250, 6),
(250, 7),
(250, 8),
(250, 9),
(250, 10),
(250, 11),
(250, 13),
(250, 14),
(250, 16),
(250, 18),
(250, 19),
(250, 20),
(250, 21),
(250, 24),
(250, 25),
(250, 27),
(250, 29),
(250, 30),
(250, 31),
(250, 32),
(250, 41),
(250, 43),
(250, 44),
(250, 45),
(250, 46),
(250, 47),
(250, 48),
(250, 49),
(250, 50),
(250, 52),
(250, 53),
(250, 54),
(250, 55),
(250, 56),
(250, 57),
(251, 12),
(251, 15),
(251, 22),
(251, 23),
(251, 26),
(251, 28),
(251, 33),
(251, 34),
(251, 35),
(251, 36),
(251, 37),
(251, 38),
(251, 39),
(251, 40),
(251, 42),
(251, 51),
(251, 58);

-- --------------------------------------------------------

--
-- Table structure for table `recipe_ingredient`
--

CREATE TABLE `recipe_ingredient` (
  `recipe_id` int(11) NOT NULL,
  `ingredient_id` int(11) NOT NULL,
  `quantity_id` int(11) NOT NULL
) ENGINE=InnoDB DEFAULT CHARSET=utf8mb4 COLLATE=utf8mb4_general_ci;

--
-- Dumping data for table `recipe_ingredient`
--

INSERT INTO `recipe_ingredient` (`recipe_id`, `ingredient_id`, `quantity_id`) VALUES
(1, 1, 1),
(1, 2, 2),
(1, 5, 3),
(1, 6, 4),
(1, 7, 5),
(1, 8, 6),
(1, 10, 7),
(1, 11, 8),
(1, 4, 9),
(1, 12, 10),
(1, 13, 11),
(1, 14, 12),
(1, 15, 13),
(1, 16, 14),
(1, 17, 15),
(2, 20, 16),
(2, 21, 17),
(2, 3, 18),
(2, 18, 19),
(2, 121, 20),
(2, 19, 21),
(2, 10, 22),
(2, 8, 23),
(2, 9, 24),
(3, 22, 25),
(3, 23, 26),
(3, 2, 27),
(3, 18, 28),
(3, 24, 29),
(3, 25, 30),
(3, 26, 31),
(3, 10, 32),
(3, 19, 33),
(3, 8, 34),
(3, 9, 35),
(3, 27, 36),
(4, 4, 37),
(4, 21, 38),
(4, 28, 39),
(4, 29, 40),
(4, 36, 41),
(4, 10, 42),
(4, 30, 43),
(4, 6, 44),
(4, 8, 45),
(4, 9, 46),
(5, 31, 47),
(5, 4, 48),
(5, 2, 49),
(5, 38, 50),
(5, 32, 51),
(5, 137, 52),
(5, 10, 53),
(5, 6, 54),
(5, 24, 55),
(5, 8, 56),
(5, 9, 57),
(5, 34, 58),
(5, 117, 59),
(6, 124, 60),
(6, 35, 61),
(6, 36, 62),
(6, 37, 63),
(6, 2, 64),
(6, 18, 66),
(6, 10, 67),
(6, 8, 68),
(6, 9, 69),
(6, 15, 70),
(7, 4, 71),
(7, 38, 72),
(7, 32, 73),
(7, 11, 74),
(7, 45, 75),
(7, 2, 76),
(7, 137, 77),
(7, 5, 78),
(7, 24, 79),
(7, 121, 80),
(7, 10, 81),
(7, 8, 82),
(7, 9, 83),
(7, 6, 84),
(7, 39, 85),
(8, 40, 86),
(8, 41, 87),
(8, 16, 88),
(8, 17, 89),
(8, 9, 90),
(8, 8, 91),
(9, 48, 92),
(9, 42, 93),
(9, 43, 94),
(9, 44, 95),
(9, 10, 96),
(9, 8, 97),
(9, 9, 98),
(10, 45, 99),
(10, 2, 100),
(10, 46, 101),
(10, 47, 102),
(10, 49, 103),
(10, 12, 104),
(10, 17, 105),
(10, 8, 106),
(10, 9, 107),
(11, 51, 108),
(11, 13, 109),
(11, 10, 110),
(11, 50, 111),
(11, 185, 112),
(11, 3, 113),
(11, 4, 114),
(11, 46, 115),
(11, 52, 116),
(11, 24, 117),
(11, 54, 118),
(11, 55, 119),
(11, 8, 121),
(11, 9, 122),
(12, 56, 123),
(12, 184, 124),
(12, 57, 125),
(12, 16, 126),
(12, 58, 127),
(12, 59, 128),
(12, 60, 129),
(12, 61, 130),
(12, 62, 131),
(13, 4, 132),
(13, 43, 133),
(13, 44, 134),
(13, 10, 135),
(13, 63, 136),
(13, 8, 137),
(13, 9, 138),
(14, 190, 139),
(14, 65, 140),
(14, 66, 141),
(14, 67, 142),
(14, 50, 143),
(14, 137, 144),
(14, 68, 145),
(14, 49, 146),
(14, 5, 147),
(14, 13, 148),
(14, 7, 149),
(14, 55, 150),
(14, 10, 151),
(15, 69, 152),
(15, 65, 153),
(15, 66, 154),
(15, 67, 155),
(15, 50, 156),
(15, 137, 157),
(15, 68, 158),
(15, 53, 159),
(15, 5, 160),
(15, 13, 161),
(15, 7, 162),
(15, 55, 163),
(15, 10, 164),
(15, 8, 165),
(16, 11, 166),
(16, 32, 167),
(16, 38, 168),
(16, 2, 169),
(16, 137, 170),
(16, 4, 171),
(16, 5, 172),
(16, 44, 173),
(16, 7, 174),
(16, 10, 175),
(16, 8, 176),
(17, 70, 177),
(17, 71, 178),
(17, 2, 179),
(17, 177, 180),
(17, 64, 181),
(17, 137, 182),
(17, 4, 183),
(17, 5, 184),
(17, 47, 185),
(17, 7, 186),
(17, 55, 187),
(17, 10, 188),
(17, 8, 189),
(18, 73, 190),
(18, 65, 191),
(18, 179, 192),
(18, 16, 193),
(18, 74, 194),
(18, 15, 195),
(18, 8, 196),
(19, 74, 197),
(19, 16, 198),
(19, 58, 199),
(19, 62, 200),
(19, 8, 201),
(20, 75, 202),
(20, 76, 203),
(20, 206, 204),
(20, 21, 205),
(20, 77, 206),
(20, 78, 207),
(20, 8, 208),
(20, 202, 209),
(20, 80, 210),
(20, 81, 211),
(21, 71, 212),
(21, 207, 213),
(21, 13, 214),
(21, 208, 215),
(21, 83, 216),
(21, 27, 217),
(21, 16, 218),
(21, 8, 219),
(21, 102, 220),
(21, 84, 221),
(22, 85, 222),
(22, 16, 223),
(22, 49, 224),
(22, 202, 225),
(22, 87, 226),
(22, 88, 227),
(22, 89, 228),
(22, 93, 229),
(22, 209, 230),
(22, 76, 231),
(23, 1, 232),
(23, 90, 233),
(23, 91, 234),
(23, 92, 235),
(23, 198, 236),
(23, 93, 237),
(23, 35, 238),
(23, 187, 239),
(23, 204, 240),
(23, 16, 241),
(24, 13, 242),
(24, 83, 243),
(24, 27, 244),
(24, 16, 245),
(24, 91, 246),
(24, 86, 247),
(24, 93, 248),
(24, 210, 249),
(24, 81, 250),
(24, 95, 251),
(24, 96, 252),
(24, 97, 253),
(24, 98, 254),
(25, 99, 255),
(25, 8, 256),
(25, 13, 257),
(25, 16, 258),
(25, 100, 259),
(25, 102, 260),
(25, 101, 261),
(25, 91, 262),
(25, 103, 263),
(26, 104, 264),
(26, 89, 265),
(26, 90, 266),
(26, 105, 267),
(26, 93, 268),
(26, 92, 269),
(26, 71, 270),
(26, 35, 271),
(27, 186, 272),
(27, 202, 273),
(27, 122, 274),
(27, 208, 275),
(27, 102, 276),
(27, 157, 277),
(27, 137, 278),
(27, 107, 279),
(27, 93, 280),
(27, 126, 281),
(27, 127, 282),
(27, 77, 283),
(27, 78, 284),
(28, 87, 285),
(28, 8, 286),
(28, 16, 288),
(28, 102, 289),
(28, 38, 290),
(28, 2, 291),
(28, 211, 292),
(28, 212, 293),
(28, 127, 294),
(28, 78, 295),
(28, 79, 296),
(28, 27, 297),
(29, 129, 298),
(29, 128, 299),
(29, 130, 300),
(29, 202, 301),
(29, 133, 302),
(29, 208, 303),
(29, 102, 304),
(29, 137, 305),
(29, 213, 306),
(29, 93, 307),
(29, 49, 308),
(29, 123, 309),
(29, 214, 310),
(29, 78, 311),
(29, 127, 312),
(30, 136, 313),
(30, 8, 314),
(30, 123, 315),
(30, 215, 316),
(30, 115, 317),
(30, 202, 318),
(30, 133, 319),
(30, 127, 320),
(30, 134, 321),
(30, 22, 322),
(30, 93, 323),
(30, 203, 324),
(31, 135, 325),
(31, 128, 326),
(31, 71, 327),
(31, 91, 328),
(31, 93, 329),
(31, 213, 330),
(31, 3, 331),
(31, 202, 332),
(31, 125, 333),
(31, 77, 334),
(31, 134, 335),
(31, 16, 336),
(32, 186, 337),
(32, 208, 338),
(32, 16, 339),
(32, 202, 340),
(32, 77, 341),
(32, 134, 342),
(32, 78, 343),
(32, 137, 344),
(32, 213, 345),
(32, 214, 346),
(32, 93, 347),
(32, 102, 348),
(33, 49, 349),
(33, 90, 350),
(33, 198, 351),
(33, 209, 352),
(33, 16, 353),
(33, 208, 354),
(33, 202, 355),
(33, 77, 356),
(33, 216, 357),
(33, 127, 358),
(33, 93, 359),
(34, 186, 360),
(34, 20, 361),
(34, 19, 362),
(34, 107, 363),
(34, 108, 364),
(34, 109, 365),
(34, 110, 366),
(34, 111, 367),
(34, 8, 368),
(34, 12, 369),
(34, 2, 370),
(34, 4, 371),
(34, 74, 372),
(34, 112, 373),
(34, 113, 374),
(35, 35, 375),
(35, 131, 376),
(35, 2, 377),
(35, 4, 378),
(35, 107, 379),
(35, 132, 380),
(35, 142, 381),
(35, 114, 382),
(35, 111, 383),
(35, 108, 384),
(35, 74, 385),
(35, 12, 386),
(36, 186, 387),
(36, 20, 388),
(36, 19, 389),
(36, 107, 390),
(36, 108, 391),
(36, 110, 392),
(36, 111, 393),
(36, 116, 394),
(36, 8, 395),
(36, 12, 396),
(36, 2, 397),
(36, 4, 398),
(36, 74, 399),
(36, 78, 400),
(37, 188, 401),
(37, 2, 402),
(37, 4, 403),
(37, 107, 404),
(37, 132, 405),
(37, 142, 406),
(37, 114, 407),
(37, 111, 408),
(37, 108, 409),
(37, 118, 410),
(37, 112, 411),
(37, 113, 412),
(37, 103, 413),
(38, 23, 414),
(38, 186, 415),
(38, 20, 416),
(38, 2, 417),
(38, 4, 418),
(38, 107, 419),
(38, 132, 420),
(38, 108, 421),
(38, 114, 422),
(38, 47, 423),
(38, 14, 424),
(38, 120, 425),
(38, 113, 426),
(38, 121, 427),
(39, 189, 429),
(39, 2, 430),
(39, 4, 431),
(39, 132, 432),
(39, 107, 433),
(39, 114, 434),
(39, 142, 435),
(39, 217, 436),
(39, 218, 437),
(39, 116, 438),
(39, 108, 439),
(39, 113, 440),
(39, 103, 441),
(40, 38, 442),
(40, 2, 443),
(40, 20, 444),
(40, 107, 445),
(40, 219, 446),
(40, 114, 447),
(40, 142, 448),
(40, 111, 449),
(40, 116, 450),
(40, 108, 451),
(40, 19, 452),
(40, 125, 453),
(40, 220, 454),
(40, 121, 455),
(41, 138, 457),
(41, 221, 458),
(41, 140, 459),
(41, 141, 460),
(41, 137, 461),
(41, 6, 462),
(41, 110, 463),
(41, 8, 464),
(41, 9, 465),
(41, 143, 466),
(41, 144, 467),
(41, 148, 468),
(41, 2, 469),
(41, 145, 470),
(42, 146, 471),
(42, 147, 472),
(42, 2, 473),
(42, 4, 474),
(42, 148, 475),
(42, 149, 476),
(42, 3, 477),
(42, 8, 478),
(43, 150, 479),
(43, 128, 480),
(43, 2, 481),
(43, 137, 482),
(43, 4, 483),
(43, 222, 484),
(43, 25, 485),
(43, 148, 486),
(43, 8, 487),
(43, 152, 488),
(43, 14, 489),
(43, 223, 490),
(43, 78, 491),
(43, 153, 492),
(43, 24, 493),
(44, 186, 494),
(44, 144, 495),
(44, 154, 496),
(44, 132, 497),
(44, 2, 498),
(44, 137, 499),
(44, 148, 500),
(44, 147, 501),
(44, 49, 502),
(44, 155, 503),
(44, 156, 504),
(44, 102, 505),
(45, 190, 506),
(45, 157, 507),
(45, 158, 508),
(45, 159, 509),
(45, 160, 510),
(45, 2, 511),
(45, 137, 512),
(45, 4, 513),
(45, 151, 514),
(45, 26, 515),
(45, 201, 516),
(45, 161, 517),
(45, 34, 518),
(45, 162, 520),
(45, 142, 521),
(45, 49, 522),
(45, 102, 523),
(45, 78, 524),
(45, 8, 525),
(46, 163, 526),
(46, 49, 527),
(46, 83, 528),
(46, 164, 529),
(46, 8, 530),
(46, 165, 531),
(46, 190, 532),
(46, 166, 533),
(47, 167, 534),
(47, 138, 535),
(47, 2, 536),
(47, 137, 537),
(47, 157, 538),
(47, 148, 539),
(47, 168, 540),
(47, 91, 541),
(47, 145, 542),
(47, 169, 543),
(47, 8, 544),
(48, 170, 545),
(48, 8, 546),
(48, 78, 547),
(48, 18, 548),
(48, 162, 549),
(49, 191, 550),
(49, 128, 551),
(49, 2, 552),
(49, 171, 553),
(49, 14, 554),
(49, 16, 555),
(49, 224, 556),
(49, 8, 557),
(49, 9, 558),
(49, 12, 559),
(49, 13, 560),
(49, 53, 561),
(49, 74, 562),
(50, 172, 563),
(50, 12, 564),
(50, 173, 565),
(50, 174, 566),
(50, 175, 567),
(50, 16, 568),
(50, 28, 569),
(50, 18, 570),
(50, 176, 571),
(50, 21, 572),
(51, 170, 573),
(51, 71, 574),
(51, 50, 575),
(51, 177, 576),
(51, 178, 577),
(51, 2, 578),
(51, 225, 579),
(51, 74, 580),
(51, 12, 581),
(51, 18, 582),
(51, 8, 583),
(51, 9, 584),
(52, 192, 585),
(52, 13, 586),
(52, 8, 587),
(52, 27, 588),
(52, 194, 589),
(52, 14, 590),
(52, 12, 591),
(52, 16, 592),
(53, 193, 594),
(53, 180, 595),
(53, 181, 596),
(53, 115, 597),
(53, 182, 598),
(54, 13, 599),
(54, 183, 600),
(54, 47, 601),
(54, 14, 602),
(54, 78, 603),
(54, 12, 604),
(54, 8, 605),
(54, 16, 606),
(54, 26, 607),
(55, 194, 609),
(55, 10, 610),
(55, 2, 611),
(55, 38, 612),
(55, 137, 613),
(55, 4, 614),
(55, 109, 615),
(55, 47, 616),
(55, 49, 617),
(55, 226, 618),
(55, 71, 619),
(55, 195, 620),
(55, 196, 621),
(55, 197, 622),
(55, 8, 623),
(55, 9, 624),
(55, 103, 625),
(56, 27, 626),
(56, 78, 627),
(56, 102, 628),
(56, 13, 629),
(56, 16, 630),
(56, 8, 631),
(56, 34, 632),
(56, 10, 633),
(57, 205, 634),
(57, 1, 635),
(57, 50, 636),
(57, 35, 637),
(57, 198, 638),
(57, 2, 639),
(57, 202, 640),
(57, 125, 641),
(57, 78, 642),
(57, 201, 643),
(57, 137, 644),
(57, 8, 645),
(57, 9, 646),
(57, 10, 647),
(58, 194, 648),
(58, 1, 649),
(58, 50, 650),
(58, 32, 651),
(58, 35, 652),
(58, 198, 653),
(58, 202, 654),
(58, 125, 655),
(58, 78, 656),
(58, 137, 657),
(58, 199, 658),
(58, 201, 659),
(58, 16, 660),
(58, 21, 661),
(58, 227, 663),
(1, 137, 664),
(1, 9, 665),
(14, 8, 666),
(22, 86, 667),
(28, 208, 669),
(40, 131, 670);

-- --------------------------------------------------------

--
-- Table structure for table `recipe_meal`
--

CREATE TABLE `recipe_meal` (
  `recipe_id` int(11) NOT NULL,
  `mealCategory_id` int(11) NOT NULL
) ENGINE=InnoDB DEFAULT CHARSET=utf8mb4 COLLATE=utf8mb4_general_ci;

--
-- Dumping data for table `recipe_meal`
--

INSERT INTO `recipe_meal` (`recipe_id`, `mealCategory_id`) VALUES
(1, 5),
(2, 4),
(3, 4),
(4, 3),
(5, 5),
(6, 1),
(6, 2),
(6, 3),
(7, 5),
(8, 5),
(9, 5),
(10, 5),
(11, 5),
(11, 7),
(12, 5),
(12, 7),
(13, 3),
(13, 7),
(14, 5),
(14, 7),
(15, 5),
(15, 7),
(16, 5),
(17, 5),
(17, 7),
(18, 1),
(18, 3),
(18, 5),
(19, 5),
(19, 7),
(20, 5),
(20, 7),
(21, 5),
(21, 7),
(22, 3),
(22, 5),
(22, 7),
(23, 5),
(23, 7),
(24, 5),
(25, 5),
(26, 4),
(26, 7),
(27, 5),
(28, 5),
(29, 5),
(30, 5),
(30, 7),
(31, 2),
(31, 3),
(31, 7),
(32, 5),
(33, 3),
(33, 7),
(34, 5),
(34, 7),
(35, 5),
(36, 5),
(37, 5),
(38, 5),
(38, 7),
(39, 5),
(40, 5),
(41, 4),
(41, 5),
(41, 7),
(42, 4),
(42, 7),
(43, 5),
(43, 7),
(44, 5),
(45, 5),
(45, 7),
(46, 5),
(46, 7),
(47, 5),
(47, 7),
(48, 4),
(48, 7),
(49, 5),
(49, 7),
(50, 1),
(50, 3),
(51, 5),
(52, 1),
(53, 1),
(53, 6),
(53, 7),
(54, 1),
(54, 6),
(54, 7),
(55, 3),
(55, 5),
(56, 1),
(56, 6),
(57, 3),
(58, 3);

-- --------------------------------------------------------

--
-- Table structure for table `recipe_step`
--

CREATE TABLE `recipe_step` (
  `recipe_id` int(11) NOT NULL,
  `step_id` int(11) NOT NULL
) ENGINE=InnoDB DEFAULT CHARSET=utf8mb4 COLLATE=utf8mb4_general_ci;

--
-- Dumping data for table `recipe_step`
--

INSERT INTO `recipe_step` (`recipe_id`, `step_id`) VALUES
(1, 1),
(1, 2),
(1, 3),
(1, 4),
(1, 5),
(1, 6),
(1, 7),
(1, 8),
(1, 9),
(1, 10),
(1, 11),
(1, 12),
(1, 13),
(1, 14),
(1, 15),
(1, 16),
(1, 17),
(1, 18),
(1, 19),
(1, 20),
(1, 21),
(1, 22),
(1, 23),
(1, 24),
(1, 25),
(2, 26),
(2, 27),
(2, 28),
(2, 29),
(2, 30),
(2, 31),
(2, 32),
(2, 33),
(3, 34),
(3, 35),
(3, 36),
(3, 37),
(3, 38),
(3, 39),
(3, 40),
(3, 41),
(3, 42),
(3, 43),
(3, 44),
(3, 45),
(3, 46),
(3, 47),
(3, 48),
(3, 49),
(3, 50),
(3, 51),
(3, 52),
(3, 53),
(4, 54),
(4, 55),
(4, 56),
(4, 57),
(4, 58),
(4, 59),
(4, 60),
(4, 61),
(4, 62),
(4, 63),
(4, 64),
(4, 65),
(5, 66),
(5, 67),
(5, 68),
(5, 69),
(5, 70),
(5, 71),
(5, 72),
(5, 73),
(5, 74),
(5, 75),
(5, 76),
(5, 77),
(5, 78),
(5, 79),
(5, 80),
(6, 81),
(6, 82),
(6, 83),
(6, 84),
(6, 85),
(6, 86),
(6, 87),
(6, 88),
(6, 89),
(6, 90),
(6, 91),
(7, 92),
(7, 93),
(7, 94),
(7, 95),
(7, 96),
(7, 97),
(7, 98),
(7, 99),
(7, 100),
(7, 101),
(7, 102),
(7, 103),
(7, 104),
(7, 105),
(7, 106),
(8, 107),
(8, 108),
(8, 109),
(8, 110),
(8, 111),
(8, 112),
(8, 113),
(8, 114),
(8, 115),
(8, 116),
(9, 117),
(9, 118),
(9, 119),
(9, 120),
(9, 121),
(9, 122),
(9, 123),
(9, 124),
(9, 125),
(9, 126),
(9, 127),
(9, 128),
(9, 129),
(9, 130),
(10, 131),
(10, 132),
(10, 133),
(10, 134),
(10, 135),
(10, 136),
(10, 137),
(10, 138),
(10, 139),
(10, 140),
(11, 141),
(11, 142),
(11, 143),
(11, 144),
(11, 145),
(11, 146),
(11, 147),
(11, 148),
(11, 149),
(11, 150),
(12, 151),
(12, 152),
(12, 153),
(12, 154),
(12, 155),
(12, 156),
(12, 157),
(12, 158),
(12, 159),
(12, 160),
(13, 161),
(13, 162),
(13, 163),
(13, 164),
(13, 165),
(13, 166),
(14, 167),
(14, 168),
(14, 169),
(14, 170),
(14, 171),
(14, 172),
(14, 173),
(14, 174),
(14, 175),
(14, 176),
(15, 177),
(15, 178),
(15, 179),
(15, 180),
(15, 181),
(15, 182),
(15, 183),
(15, 184),
(15, 185),
(16, 186),
(16, 187),
(16, 188),
(16, 189),
(16, 190),
(16, 191),
(16, 192),
(16, 193),
(17, 194),
(17, 195),
(17, 196),
(17, 197),
(17, 198),
(18, 199),
(18, 200),
(18, 201),
(18, 202),
(18, 203),
(18, 204),
(18, 205),
(18, 206),
(18, 207),
(18, 208),
(18, 209),
(18, 210),
(19, 211),
(19, 212),
(19, 213),
(19, 214),
(19, 215),
(19, 216),
(19, 217),
(19, 218),
(19, 219),
(19, 220),
(19, 221),
(19, 222),
(20, 223),
(20, 224),
(20, 225),
(20, 226),
(20, 227),
(20, 228),
(20, 229),
(20, 230),
(20, 231),
(20, 232),
(21, 233),
(21, 234),
(21, 235),
(21, 236),
(21, 237),
(21, 238),
(21, 239),
(22, 240),
(22, 241),
(22, 242),
(22, 243),
(22, 244),
(23, 245),
(23, 246),
(23, 247),
(23, 248),
(23, 249),
(23, 250),
(23, 251),
(24, 252),
(24, 253),
(24, 254),
(24, 255),
(24, 256),
(24, 257),
(24, 258),
(24, 259),
(24, 260),
(25, 261),
(25, 262),
(25, 263),
(25, 264),
(25, 265),
(25, 266),
(25, 267),
(25, 268),
(25, 269),
(25, 270),
(25, 271),
(26, 272),
(26, 273),
(26, 274),
(26, 275),
(26, 276),
(26, 277),
(26, 278),
(27, 279),
(27, 280),
(27, 281),
(27, 282),
(27, 283),
(27, 284),
(27, 285),
(27, 286),
(27, 287),
(28, 288),
(28, 289),
(28, 290),
(28, 291),
(28, 292),
(28, 293),
(28, 294),
(28, 295),
(28, 296),
(28, 297),
(28, 298),
(29, 299),
(29, 300),
(29, 301),
(29, 302),
(29, 303),
(29, 304),
(29, 305),
(29, 306),
(29, 307),
(30, 308),
(30, 309),
(30, 310),
(30, 311),
(30, 312),
(30, 313),
(30, 314),
(30, 315),
(30, 316),
(30, 317),
(30, 318),
(30, 319),
(31, 320),
(31, 321),
(31, 322),
(31, 323),
(31, 324),
(31, 325),
(31, 326),
(31, 327),
(32, 328),
(32, 329),
(32, 330),
(32, 331),
(32, 332),
(32, 333),
(32, 334),
(32, 335),
(32, 336),
(32, 337),
(33, 338),
(33, 339),
(33, 340),
(33, 341),
(33, 342),
(33, 343),
(33, 344),
(33, 345),
(33, 346),
(33, 347),
(33, 348),
(34, 349),
(34, 350),
(34, 351),
(34, 352),
(34, 353),
(34, 354),
(34, 355),
(34, 356),
(34, 357),
(34, 358),
(34, 359),
(34, 360),
(35, 361),
(35, 362),
(35, 363),
(35, 364),
(35, 365),
(35, 366),
(35, 367),
(35, 368),
(35, 369),
(35, 370),
(35, 371),
(35, 372),
(35, 373),
(35, 374),
(36, 375),
(36, 376),
(36, 377),
(36, 378),
(36, 379),
(36, 380),
(36, 381),
(36, 382),
(36, 383),
(36, 384),
(36, 385),
(36, 386),
(36, 387),
(36, 388),
(36, 389),
(36, 390),
(37, 391),
(37, 392),
(37, 393),
(37, 394),
(37, 395),
(37, 396),
(37, 397),
(37, 398),
(37, 399),
(37, 400),
(37, 401),
(37, 402),
(38, 403),
(38, 404),
(38, 405),
(38, 406),
(38, 407),
(38, 408),
(38, 409),
(38, 410),
(38, 411),
(38, 412),
(38, 413),
(38, 414),
(38, 415),
(38, 416),
(39, 417),
(39, 418),
(39, 419),
(39, 420),
(39, 421),
(39, 422),
(39, 423),
(39, 424),
(40, 425),
(40, 426),
(40, 427),
(40, 428),
(40, 429),
(40, 430),
(40, 431),
(41, 432),
(41, 433),
(41, 434),
(41, 435),
(41, 436),
(41, 437),
(41, 438),
(41, 439),
(41, 440),
(41, 441),
(42, 442),
(42, 443),
(42, 444),
(42, 445),
(42, 446),
(42, 447),
(43, 448),
(43, 449),
(43, 450),
(43, 451),
(43, 452),
(43, 453),
(43, 454),
(44, 455),
(44, 456),
(44, 457),
(44, 458),
(44, 459),
(44, 460),
(44, 461),
(44, 462),
(44, 463),
(44, 464),
(44, 465),
(45, 466),
(45, 467),
(45, 468),
(45, 469),
(45, 470),
(45, 471),
(45, 472),
(45, 473),
(45, 474),
(45, 475),
(45, 476),
(45, 477),
(45, 478),
(46, 479),
(46, 480),
(46, 481),
(46, 482),
(46, 483),
(46, 484),
(46, 485),
(46, 486),
(46, 487),
(46, 488),
(46, 489),
(46, 490),
(46, 491),
(46, 492),
(47, 493),
(47, 494),
(47, 495),
(47, 496),
(47, 497),
(47, 498),
(47, 499),
(47, 500),
(47, 501),
(47, 502),
(47, 503),
(47, 504),
(47, 505),
(47, 506),
(48, 507),
(48, 508),
(48, 509),
(48, 510),
(48, 511),
(48, 512),
(48, 513),
(48, 514),
(48, 515),
(48, 516),
(48, 517),
(49, 518),
(49, 519),
(49, 520),
(49, 521),
(49, 522),
(49, 523),
(49, 524),
(50, 525),
(50, 526),
(50, 527),
(50, 528),
(50, 529),
(51, 530),
(51, 531),
(51, 532),
(51, 533),
(51, 534),
(51, 535),
(51, 536),
(51, 537),
(51, 538),
(52, 539),
(52, 540),
(52, 541),
(52, 542),
(52, 543),
(52, 544),
(52, 545),
(53, 546),
(53, 547),
(53, 548),
(53, 549),
(53, 550),
(53, 551),
(54, 552),
(54, 553),
(54, 554),
(54, 555),
(54, 556),
(54, 557),
(54, 558),
(54, 559),
(54, 560),
(54, 561),
(55, 562),
(55, 563),
(55, 564),
(55, 565),
(55, 566),
(55, 567),
(55, 568),
(55, 569),
(55, 570),
(55, 571),
(55, 572),
(55, 573),
(55, 574),
(55, 575),
(55, 576),
(55, 577),
(55, 578),
(55, 579),
(55, 580),
(56, 581),
(56, 582),
(56, 583),
(56, 584),
(56, 585),
(56, 586),
(56, 587),
(56, 588),
(56, 589),
(56, 590),
(56, 591),
(56, 592),
(57, 593),
(57, 594),
(57, 595),
(57, 596),
(57, 597),
(57, 598),
(57, 599),
(57, 600),
(57, 601),
(57, 602),
(57, 603),
(57, 604),
(57, 605),
(57, 606),
(57, 607),
(58, 608),
(58, 609),
(58, 610),
(58, 611),
(58, 612),
(58, 613),
(58, 614),
(58, 615),
(58, 616),
(58, 617),
(58, 618),
(58, 619),
(58, 620),
(58, 621),
(58, 622),
(58, 623),
(58, 624),
(58, 625);

-- --------------------------------------------------------

--
-- Table structure for table `recipe_tag`
--

CREATE TABLE `recipe_tag` (
  `recipe_id` int(11) NOT NULL,
  `tag_id` int(11) NOT NULL
) ENGINE=InnoDB DEFAULT CHARSET=utf8mb4 COLLATE=utf8mb4_general_ci;

--
-- Dumping data for table `recipe_tag`
--

INSERT INTO `recipe_tag` (`recipe_id`, `tag_id`) VALUES
(1, 7),
(2, 5),
(2, 6),
(3, 6),
(3, 7),
(4, 3),
(4, 6),
(5, 7),
(6, 2),
(7, 7),
(8, 7),
(9, 6),
(10, 7),
(11, 7),
(12, 8),
(13, 6),
(14, 7),
(15, 7),
(16, 7),
(17, 9),
(18, 2),
(19, 8),
(20, 6),
(21, 6),
(22, 7),
(23, 7),
(24, 7),
(25, 7),
(26, 9),
(27, 7),
(28, 7),
(29, 7),
(30, 7),
(31, 6),
(32, 7),
(33, 9),
(34, 7),
(35, 7),
(36, 7),
(37, 7),
(38, 7),
(39, 6),
(40, 6),
(41, 6),
(42, 5),
(43, 7),
(44, 7),
(45, 7),
(46, 7),
(47, 9),
(48, 6),
(49, 6),
(50, 2),
(51, 9),
(52, 6),
(53, 4),
(54, 8),
(55, 7),
(56, 8),
(57, 6),
(58, 6);

-- --------------------------------------------------------

--
-- Table structure for table `recipe_topic`
--

CREATE TABLE `recipe_topic` (
  `recipe_id` int(11) NOT NULL,
  `topic_id` int(11) NOT NULL
) ENGINE=InnoDB DEFAULT CHARSET=utf8mb4 COLLATE=utf8mb4_general_ci;

--
-- Dumping data for table `recipe_topic`
--

INSERT INTO `recipe_topic` (`recipe_id`, `topic_id`) VALUES
(1, 3),
(2, 2),
(3, 1),
(4, 1),
(5, 1),
(6, 1),
(6, 8),
(7, 1),
(8, 3),
(9, 4),
(10, 4),
(11, 3),
(12, 4),
(13, 2),
(13, 8),
(14, 3),
(15, 3),
(16, 1),
(16, 8),
(17, 6),
(18, 1),
(19, 4),
(20, 5),
(20, 6),
(21, 5),
(21, 6),
(22, 3),
(23, 3),
(24, 5),
(25, 3),
(26, 3),
(26, 8),
(27, 7),
(28, 7),
(29, 7),
(29, 8),
(30, 4),
(31, 4),
(31, 5),
(32, 7),
(33, 3),
(33, 7),
(34, 3),
(35, 7),
(36, 3),
(37, 3),
(37, 7),
(38, 7),
(39, 3),
(39, 7),
(40, 7),
(40, 8),
(41, 5),
(42, 2),
(42, 8),
(43, 4),
(44, 5),
(44, 8),
(45, 4),
(46, 1),
(47, 1),
(48, 6),
(49, 2),
(50, 1),
(51, 1),
(52, 1),
(53, 2),
(54, 4),
(55, 4),
(55, 6),
(56, 1),
(56, 5),
(57, 1),
(57, 3),
(58, 1),
(58, 3);

-- --------------------------------------------------------

--
-- Table structure for table `review`
--

CREATE TABLE `review` (
  `review_id` int(11) NOT NULL,
  `episode_id` int(11) NOT NULL,
  `cook_id` int(11) NOT NULL,
  `judge_id` int(11) NOT NULL,
  `score` int(11) NOT NULL CHECK (`score` between 1 and 5)
) ENGINE=InnoDB DEFAULT CHARSET=utf8mb4 COLLATE=utf8mb4_general_ci;

--
-- Dumping data for table `review`
--

INSERT INTO `review` (`review_id`, `episode_id`, `cook_id`, `judge_id`, `score`) VALUES
(1, 1, 55, 44, 3),
(2, 1, 55, 25, 4),
(3, 1, 55, 30, 1),
(4, 1, 18, 44, 4),
(5, 1, 18, 25, 3),
(6, 1, 18, 30, 2),
(7, 1, 19, 44, 2),
(8, 1, 19, 25, 4),
(9, 1, 19, 30, 3),
(10, 1, 2, 44, 4),
(11, 1, 2, 25, 5),
(12, 1, 2, 30, 2),
(13, 1, 57, 44, 5),
(14, 1, 57, 25, 2),
(15, 1, 57, 30, 2),
(16, 1, 15, 44, 5),
(17, 1, 15, 25, 2),
(18, 1, 15, 30, 2),
(19, 1, 32, 44, 4),
(20, 1, 32, 25, 3),
(21, 1, 32, 30, 3),
(22, 1, 38, 44, 1),
(23, 1, 38, 25, 4),
(24, 1, 38, 30, 3),
(25, 1, 11, 44, 2),
(26, 1, 11, 25, 2),
(27, 1, 11, 30, 5),
(28, 1, 1, 44, 4),
(29, 1, 1, 25, 2),
(30, 1, 1, 30, 4),
(61, 2, 27, 25, 4),
(62, 2, 27, 34, 5),
(63, 2, 27, 39, 2),
(64, 2, 37, 25, 5),
(65, 2, 37, 34, 5),
(66, 2, 37, 39, 1),
(67, 2, 55, 25, 5),
(68, 2, 55, 34, 3),
(69, 2, 55, 39, 3),
(70, 2, 47, 25, 4),
(71, 2, 47, 34, 1),
(72, 2, 47, 39, 3),
(73, 2, 40, 25, 1),
(74, 2, 40, 34, 5),
(75, 2, 40, 39, 5),
(76, 2, 50, 25, 2),
(77, 2, 50, 34, 4),
(78, 2, 50, 39, 4),
(79, 2, 45, 25, 2),
(80, 2, 45, 34, 1),
(81, 2, 45, 39, 5),
(82, 2, 1, 25, 1),
(83, 2, 1, 34, 4),
(84, 2, 1, 39, 3),
(85, 2, 48, 25, 1),
(86, 2, 48, 34, 1),
(87, 2, 48, 39, 4),
(88, 2, 57, 25, 3),
(89, 2, 57, 34, 2),
(90, 2, 57, 39, 1),
(91, 3, 60, 25, 1),
(92, 3, 60, 9, 1),
(93, 3, 60, 34, 2),
(94, 3, 18, 25, 4),
(95, 3, 18, 9, 1),
(96, 3, 18, 34, 5),
(97, 3, 51, 25, 2),
(98, 3, 51, 9, 2),
(99, 3, 51, 34, 5),
(100, 3, 20, 25, 3),
(101, 3, 20, 9, 1),
(102, 3, 20, 34, 2),
(103, 3, 15, 25, 2),
(104, 3, 15, 9, 5),
(105, 3, 15, 34, 4),
(106, 3, 56, 25, 2),
(107, 3, 56, 9, 3),
(108, 3, 56, 34, 2),
(109, 3, 59, 25, 5),
(110, 3, 59, 9, 2),
(111, 3, 59, 34, 4),
(112, 3, 6, 25, 4),
(113, 3, 6, 9, 1),
(114, 3, 6, 34, 2),
(115, 3, 29, 25, 2),
(116, 3, 29, 9, 4),
(117, 3, 29, 34, 4),
(118, 3, 12, 25, 2),
(119, 3, 12, 9, 5),
(120, 3, 12, 34, 4),
(121, 4, 50, 44, 4),
(122, 4, 50, 49, 2),
(123, 4, 50, 40, 3),
(124, 4, 57, 44, 4),
(125, 4, 57, 49, 4),
(126, 4, 57, 40, 1),
(127, 4, 18, 44, 5),
(128, 4, 18, 49, 4),
(129, 4, 18, 40, 4),
(130, 4, 4, 44, 1),
(131, 4, 4, 49, 4),
(132, 4, 4, 40, 3),
(133, 4, 37, 44, 4),
(134, 4, 37, 49, 5),
(135, 4, 37, 40, 5),
(136, 4, 41, 44, 4),
(137, 4, 41, 49, 4),
(138, 4, 41, 40, 1),
(139, 4, 7, 44, 2),
(140, 4, 7, 49, 4),
(141, 4, 7, 40, 2),
(142, 4, 14, 44, 5),
(143, 4, 14, 49, 4),
(144, 4, 14, 40, 4),
(145, 4, 55, 44, 2),
(146, 4, 55, 49, 5),
(147, 4, 55, 40, 3),
(148, 4, 39, 44, 1),
(149, 4, 39, 49, 4),
(150, 4, 39, 40, 1),
(151, 5, 59, 5, 3),
(152, 5, 59, 35, 2),
(153, 5, 59, 29, 1),
(154, 5, 12, 5, 4),
(155, 5, 12, 35, 4),
(156, 5, 12, 29, 5),
(157, 5, 32, 5, 4),
(158, 5, 32, 35, 2),
(159, 5, 32, 29, 2),
(160, 5, 24, 5, 1),
(161, 5, 24, 35, 3),
(162, 5, 24, 29, 4),
(163, 5, 26, 5, 4),
(164, 5, 26, 35, 4),
(165, 5, 26, 29, 3),
(166, 5, 39, 5, 1),
(167, 5, 39, 35, 5),
(168, 5, 39, 29, 5),
(169, 5, 33, 5, 5),
(170, 5, 33, 35, 5),
(171, 5, 33, 29, 3),
(172, 5, 23, 5, 4),
(173, 5, 23, 35, 1),
(174, 5, 23, 29, 4),
(175, 5, 55, 5, 1),
(176, 5, 55, 35, 3),
(177, 5, 55, 29, 5),
(178, 5, 16, 5, 3),
(179, 5, 16, 35, 3),
(180, 5, 16, 29, 3),
(181, 6, 37, 20, 5),
(182, 6, 37, 34, 1),
(183, 6, 37, 45, 1),
(184, 6, 32, 20, 4),
(185, 6, 32, 34, 4),
(186, 6, 32, 45, 2),
(187, 6, 4, 20, 2),
(188, 6, 4, 34, 3),
(189, 6, 4, 45, 4),
(190, 6, 49, 20, 4),
(191, 6, 49, 34, 2),
(192, 6, 49, 45, 3),
(193, 6, 55, 20, 4),
(194, 6, 55, 34, 5),
(195, 6, 55, 45, 2),
(196, 6, 2, 20, 4),
(197, 6, 2, 34, 2),
(198, 6, 2, 45, 2),
(199, 6, 25, 20, 4),
(200, 6, 25, 34, 4),
(201, 6, 25, 45, 1),
(202, 6, 57, 20, 5),
(203, 6, 57, 34, 1),
(204, 6, 57, 45, 2),
(205, 6, 50, 20, 2),
(206, 6, 50, 34, 1),
(207, 6, 50, 45, 1),
(208, 6, 46, 20, 3),
(209, 6, 46, 34, 4),
(210, 6, 46, 45, 3),
(211, 7, 56, 15, 3),
(212, 7, 56, 24, 5),
(213, 7, 56, 5, 4),
(214, 7, 12, 15, 1),
(215, 7, 12, 24, 3),
(216, 7, 12, 5, 5),
(217, 7, 19, 15, 5),
(218, 7, 19, 24, 5),
(219, 7, 19, 5, 3),
(220, 7, 32, 15, 1),
(221, 7, 32, 24, 4),
(222, 7, 32, 5, 5),
(223, 7, 8, 15, 2),
(224, 7, 8, 24, 2),
(225, 7, 8, 5, 4),
(226, 7, 40, 15, 2),
(227, 7, 40, 24, 1),
(228, 7, 40, 5, 5),
(229, 7, 36, 15, 4),
(230, 7, 36, 24, 1),
(231, 7, 36, 5, 3),
(232, 7, 3, 15, 2),
(233, 7, 3, 24, 4),
(234, 7, 3, 5, 4),
(235, 7, 44, 15, 4),
(236, 7, 44, 24, 4),
(237, 7, 44, 5, 5),
(238, 7, 47, 15, 1),
(239, 7, 47, 24, 2),
(240, 7, 47, 5, 1),
(241, 8, 32, 24, 5),
(242, 8, 32, 55, 5),
(243, 8, 32, 49, 2),
(244, 8, 6, 24, 5),
(245, 8, 6, 55, 4),
(246, 8, 6, 49, 2),
(247, 8, 59, 24, 4),
(248, 8, 59, 55, 3),
(249, 8, 59, 49, 4),
(250, 8, 38, 24, 4),
(251, 8, 38, 55, 1),
(252, 8, 38, 49, 2),
(253, 8, 26, 24, 5),
(254, 8, 26, 55, 4),
(255, 8, 26, 49, 3),
(256, 8, 40, 24, 4),
(257, 8, 40, 55, 5),
(258, 8, 40, 49, 5),
(259, 8, 7, 24, 1),
(260, 8, 7, 55, 4),
(261, 8, 7, 49, 3),
(262, 8, 27, 24, 4),
(263, 8, 27, 55, 3),
(264, 8, 27, 49, 4),
(265, 8, 50, 24, 1),
(266, 8, 50, 55, 5),
(267, 8, 50, 49, 3),
(268, 8, 21, 24, 3),
(269, 8, 21, 55, 5),
(270, 8, 21, 49, 4),
(271, 9, 7, 39, 1),
(272, 9, 7, 60, 3),
(273, 9, 7, 14, 5),
(274, 9, 26, 39, 5),
(275, 9, 26, 60, 4),
(276, 9, 26, 14, 5),
(277, 9, 15, 39, 2),
(278, 9, 15, 60, 3),
(279, 9, 15, 14, 5),
(280, 9, 29, 39, 2),
(281, 9, 29, 60, 2),
(282, 9, 29, 14, 2),
(283, 9, 55, 39, 3),
(284, 9, 55, 60, 3),
(285, 9, 55, 14, 4),
(286, 9, 3, 39, 2),
(287, 9, 3, 60, 1),
(288, 9, 3, 14, 5),
(289, 9, 40, 39, 3),
(290, 9, 40, 60, 1),
(291, 9, 40, 14, 2),
(292, 9, 37, 39, 4),
(293, 9, 37, 60, 4),
(294, 9, 37, 14, 2),
(295, 9, 12, 39, 1),
(296, 9, 12, 60, 4),
(297, 9, 12, 14, 3),
(298, 9, 6, 39, 3),
(299, 9, 6, 60, 1),
(300, 9, 6, 14, 2),
(301, 10, 49, 44, 4),
(302, 10, 49, 35, 2),
(303, 10, 49, 19, 1),
(304, 10, 18, 44, 5),
(305, 10, 18, 35, 4),
(306, 10, 18, 19, 1),
(307, 10, 20, 44, 2),
(308, 10, 20, 35, 2),
(309, 10, 20, 19, 4),
(310, 10, 41, 44, 2),
(311, 10, 41, 35, 2),
(312, 10, 41, 19, 2),
(313, 10, 9, 44, 2),
(314, 10, 9, 35, 2),
(315, 10, 9, 19, 2),
(316, 10, 8, 44, 5),
(317, 10, 8, 35, 1),
(318, 10, 8, 19, 1),
(319, 10, 24, 44, 1),
(320, 10, 24, 35, 1),
(321, 10, 24, 19, 2),
(322, 10, 29, 44, 4),
(323, 10, 29, 35, 1),
(324, 10, 29, 19, 1),
(325, 10, 48, 44, 4),
(326, 10, 48, 35, 2),
(327, 10, 48, 19, 3),
(328, 10, 1, 44, 2),
(329, 10, 1, 35, 5),
(330, 10, 1, 19, 4),
(331, 11, 19, 5, 4),
(332, 11, 19, 35, 4),
(333, 11, 19, 15, 3),
(334, 11, 27, 5, 4),
(335, 11, 27, 35, 2),
(336, 11, 27, 15, 4),
(337, 11, 59, 5, 1),
(338, 11, 59, 35, 4),
(339, 11, 59, 15, 3),
(340, 11, 12, 5, 4),
(341, 11, 12, 35, 1),
(342, 11, 12, 15, 3),
(343, 11, 32, 5, 4),
(344, 11, 32, 35, 1),
(345, 11, 32, 15, 3),
(346, 11, 1, 5, 4),
(347, 11, 1, 35, 1),
(348, 11, 1, 15, 5),
(349, 11, 36, 5, 3),
(350, 11, 36, 35, 2),
(351, 11, 36, 15, 2),
(352, 11, 23, 5, 3),
(353, 11, 23, 35, 1),
(354, 11, 23, 15, 4),
(355, 11, 55, 5, 1),
(356, 11, 55, 35, 4),
(357, 11, 55, 15, 2),
(358, 11, 4, 5, 5),
(359, 11, 4, 35, 3),
(360, 11, 4, 15, 1),
(361, 12, 13, 19, 1),
(362, 12, 13, 4, 5),
(363, 12, 13, 39, 1),
(364, 12, 45, 19, 3),
(365, 12, 45, 4, 2),
(366, 12, 45, 39, 5),
(367, 12, 20, 19, 2),
(368, 12, 20, 4, 1),
(369, 12, 20, 39, 1),
(370, 12, 47, 19, 2),
(371, 12, 47, 4, 4),
(372, 12, 47, 39, 5),
(373, 12, 18, 19, 5),
(374, 12, 18, 4, 2),
(375, 12, 18, 39, 5),
(376, 12, 57, 19, 4),
(377, 12, 57, 4, 5),
(378, 12, 57, 39, 5),
(379, 12, 6, 19, 5),
(380, 12, 6, 4, 3),
(381, 12, 6, 39, 4),
(382, 12, 41, 19, 5),
(383, 12, 41, 4, 1),
(384, 12, 41, 39, 3),
(385, 12, 48, 19, 2),
(386, 12, 48, 4, 1),
(387, 12, 48, 39, 2),
(388, 12, 46, 19, 5),
(389, 12, 46, 4, 5),
(390, 12, 46, 39, 2),
(391, 13, 52, 10, 1),
(392, 13, 52, 4, 4),
(393, 13, 52, 39, 2),
(394, 13, 14, 10, 1),
(395, 13, 14, 4, 1),
(396, 13, 14, 39, 1),
(397, 13, 54, 10, 5),
(398, 13, 54, 4, 2),
(399, 13, 54, 39, 5),
(400, 13, 50, 10, 4),
(401, 13, 50, 4, 4),
(402, 13, 50, 39, 1),
(403, 13, 56, 10, 1),
(404, 13, 56, 4, 5),
(405, 13, 56, 39, 1),
(406, 13, 26, 10, 4),
(407, 13, 26, 4, 1),
(408, 13, 26, 39, 5),
(409, 13, 2, 10, 5),
(410, 13, 2, 4, 4),
(411, 13, 2, 39, 4),
(412, 13, 38, 10, 3),
(413, 13, 38, 4, 1),
(414, 13, 38, 39, 5),
(415, 13, 49, 10, 2),
(416, 13, 49, 4, 1),
(417, 13, 49, 39, 1),
(418, 13, 29, 10, 4),
(419, 13, 29, 4, 2),
(420, 13, 29, 39, 5),
(421, 14, 49, 19, 5),
(422, 14, 49, 25, 5),
(423, 14, 49, 35, 1),
(424, 14, 56, 19, 4),
(425, 14, 56, 25, 1),
(426, 14, 56, 35, 3),
(427, 14, 14, 19, 5),
(428, 14, 14, 25, 1),
(429, 14, 14, 35, 2),
(430, 14, 38, 19, 4),
(431, 14, 38, 25, 2),
(432, 14, 38, 35, 4),
(433, 14, 9, 19, 2),
(434, 14, 9, 25, 5),
(435, 14, 9, 35, 5),
(436, 14, 11, 19, 4),
(437, 14, 11, 25, 2),
(438, 14, 11, 35, 3),
(439, 14, 40, 19, 4),
(440, 14, 40, 25, 5),
(441, 14, 40, 35, 1),
(442, 14, 16, 19, 2),
(443, 14, 16, 25, 5),
(444, 14, 16, 35, 5),
(445, 14, 44, 19, 3),
(446, 14, 44, 25, 2),
(447, 14, 44, 35, 2),
(448, 14, 8, 19, 5),
(449, 14, 8, 25, 2),
(450, 14, 8, 35, 5),
(451, 15, 7, 34, 3),
(452, 15, 7, 30, 3),
(453, 15, 7, 19, 4),
(454, 15, 26, 34, 3),
(455, 15, 26, 30, 1),
(456, 15, 26, 19, 4),
(457, 15, 8, 34, 4),
(458, 15, 8, 30, 1),
(459, 15, 8, 19, 5),
(460, 15, 38, 34, 2),
(461, 15, 38, 30, 2),
(462, 15, 38, 19, 1),
(463, 15, 40, 34, 2),
(464, 15, 40, 30, 3),
(465, 15, 40, 19, 5),
(466, 15, 2, 34, 4),
(467, 15, 2, 30, 3),
(468, 15, 2, 19, 2),
(469, 15, 49, 34, 2),
(470, 15, 49, 30, 2),
(471, 15, 49, 19, 4),
(472, 15, 58, 34, 3),
(473, 15, 58, 30, 4),
(474, 15, 58, 19, 5),
(475, 15, 44, 34, 1),
(476, 15, 44, 30, 2),
(477, 15, 44, 19, 4),
(478, 15, 16, 34, 1),
(479, 15, 16, 30, 4),
(480, 15, 16, 19, 5),
(481, 16, 58, 35, 1),
(482, 16, 58, 40, 3),
(483, 16, 58, 44, 5),
(484, 16, 11, 35, 3),
(485, 16, 11, 40, 4),
(486, 16, 11, 44, 3),
(487, 16, 14, 35, 3),
(488, 16, 14, 40, 1),
(489, 16, 14, 44, 2),
(490, 16, 2, 35, 5),
(491, 16, 2, 40, 4),
(492, 16, 2, 44, 5),
(493, 16, 37, 35, 1),
(494, 16, 37, 40, 4),
(495, 16, 37, 44, 2),
(496, 16, 7, 35, 4),
(497, 16, 7, 40, 1),
(498, 16, 7, 44, 3),
(499, 16, 31, 35, 1),
(500, 16, 31, 40, 2),
(501, 16, 31, 44, 4),
(502, 16, 56, 35, 5),
(503, 16, 56, 40, 4),
(504, 16, 56, 44, 1),
(505, 16, 49, 35, 3),
(506, 16, 49, 40, 5),
(507, 16, 49, 44, 5),
(508, 16, 8, 35, 2),
(509, 16, 8, 40, 2),
(510, 16, 8, 44, 2),
(511, 17, 56, 45, 2),
(512, 17, 56, 15, 2),
(513, 17, 56, 24, 5),
(514, 17, 29, 45, 1),
(515, 17, 29, 15, 1),
(516, 17, 29, 24, 2),
(517, 17, 54, 45, 4),
(518, 17, 54, 15, 1),
(519, 17, 54, 24, 1),
(520, 17, 58, 45, 1),
(521, 17, 58, 15, 5),
(522, 17, 58, 24, 3),
(523, 17, 8, 45, 5),
(524, 17, 8, 15, 4),
(525, 17, 8, 24, 5),
(526, 17, 11, 45, 2),
(527, 17, 11, 15, 2),
(528, 17, 11, 24, 1),
(529, 17, 49, 45, 4),
(530, 17, 49, 15, 4),
(531, 17, 49, 24, 5),
(532, 17, 3, 45, 5),
(533, 17, 3, 15, 5),
(534, 17, 3, 24, 4),
(535, 17, 26, 45, 4),
(536, 17, 26, 15, 2),
(537, 17, 26, 24, 2),
(538, 17, 7, 45, 2),
(539, 17, 7, 15, 3),
(540, 17, 7, 24, 4),
(541, 18, 37, 60, 2),
(542, 18, 37, 55, 2),
(543, 18, 37, 20, 2),
(544, 18, 11, 60, 3),
(545, 18, 11, 55, 5),
(546, 18, 11, 20, 4),
(547, 18, 17, 60, 5),
(548, 18, 17, 55, 2),
(549, 18, 17, 20, 2),
(550, 18, 7, 60, 2),
(551, 18, 7, 55, 5),
(552, 18, 7, 20, 4),
(553, 18, 44, 60, 2),
(554, 18, 44, 55, 1),
(555, 18, 44, 20, 1),
(556, 18, 2, 60, 2),
(557, 18, 2, 55, 1),
(558, 18, 2, 20, 2),
(559, 18, 25, 60, 5),
(560, 18, 25, 55, 2),
(561, 18, 25, 20, 1),
(562, 18, 26, 60, 2),
(563, 18, 26, 55, 1),
(564, 18, 26, 20, 3),
(565, 18, 38, 60, 4),
(566, 18, 38, 55, 4),
(567, 18, 38, 20, 2),
(568, 18, 34, 60, 1),
(569, 18, 34, 55, 5),
(570, 18, 34, 20, 5),
(571, 19, 60, 59, 1),
(572, 19, 60, 9, 4),
(573, 19, 60, 19, 4),
(574, 19, 49, 59, 1),
(575, 19, 49, 9, 5),
(576, 19, 49, 19, 2),
(577, 19, 8, 59, 2),
(578, 19, 8, 9, 5),
(579, 19, 8, 19, 5),
(580, 19, 2, 59, 3),
(581, 19, 2, 9, 2),
(582, 19, 2, 19, 1),
(583, 19, 26, 59, 1),
(584, 19, 26, 9, 4),
(585, 19, 26, 19, 2),
(586, 19, 40, 59, 4),
(587, 19, 40, 9, 5),
(588, 19, 40, 19, 1),
(589, 19, 31, 59, 1),
(590, 19, 31, 9, 5),
(591, 19, 31, 19, 2),
(592, 19, 44, 59, 4),
(593, 19, 44, 9, 5),
(594, 19, 44, 19, 3),
(595, 19, 51, 59, 3),
(596, 19, 51, 9, 2),
(597, 19, 51, 19, 2),
(598, 19, 54, 59, 3),
(599, 19, 54, 9, 4),
(600, 19, 54, 19, 4),
(601, 20, 58, 5, 3),
(602, 20, 58, 25, 2),
(603, 20, 58, 30, 4),
(604, 20, 28, 5, 1),
(605, 20, 28, 25, 4),
(606, 20, 28, 30, 4),
(607, 20, 26, 5, 1),
(608, 20, 26, 25, 3),
(609, 20, 26, 30, 2),
(610, 20, 29, 5, 4),
(611, 20, 29, 25, 2),
(612, 20, 29, 30, 2),
(613, 20, 40, 5, 3),
(614, 20, 40, 25, 3),
(615, 20, 40, 30, 5),
(616, 20, 56, 5, 1),
(617, 20, 56, 25, 1),
(618, 20, 56, 30, 3),
(619, 20, 44, 5, 5),
(620, 20, 44, 25, 3),
(621, 20, 44, 30, 2),
(622, 20, 37, 5, 5),
(623, 20, 37, 25, 2),
(624, 20, 37, 30, 4),
(625, 20, 7, 5, 2),
(626, 20, 7, 25, 4),
(627, 20, 7, 30, 2),
(628, 20, 11, 5, 4),
(629, 20, 11, 25, 5),
(630, 20, 11, 30, 4);

-- --------------------------------------------------------

--
-- Table structure for table `step`
--

CREATE TABLE `step` (
  `step_id` int(11) NOT NULL,
  `number` int(11) NOT NULL,
  `description` text NOT NULL
) ENGINE=InnoDB DEFAULT CHARSET=utf8mb4 COLLATE=utf8mb4_general_ci;

--
-- Dumping data for table `step`
--

INSERT INTO `step` (`step_id`, `number`, `description`) VALUES
(1, 1, 'Slice the eggplants into 1/4-inch thick rounds.'),
(2, 2, 'Lay the slices on a baking sheet and sprinkle both sides generously with salt. Let them sit for 30 minutes to draw out excess moisture and bitterness.'),
(3, 3, 'Rinse the slices under cold water and pat them dry with paper towels.'),
(4, 4, 'Preheat the oven to 400°F (200°C). Brush both sides of the eggplant slices with olive oil and place them on a baking sheet.'),
(5, 5, 'Bake for 20-25 minutes until tender and lightly browned. Set aside.'),
(6, 6, 'Heat 2 tablespoons of olive oil in a large skillet over medium heat.'),
(7, 7, 'Add the chopped onion and cook until soft and translucentabout 5 minutes.'),
(8, 8, 'Add the minced garlic and cook for another minute.'),
(9, 9, 'Add the ground beef or lamb and cook until brownedbreaking it up with a spoon as it cooks.'),
(10, 10, 'Stir in the crushed tomatoestomato pastered wine (if using)dried oreganoground cinnamonsaltand pepper.'),
(11, 11, 'Simmer the sauce for 20-30 minutes until thickened. Stir in the chopped parsley and set aside.'),
(12, 12, 'Melt the butter in a medium saucepan over medium heat.'),
(13, 13, 'Add the flour and whisk continuously for about 2 minutes to form a roux.'),
(14, 14, 'Gradually whisk in the warmed milkensuring no lumps form. Continue to cookwhisking constantlyuntil the sauce thickens and coats the back of a spoon.'),
(15, 15, 'Remove from heat and season with ground nutmegsaltand pepper.'),
(16, 16, 'In a small bowlbeat the egg yolks. Gradually add a ladleful of the béchamel sauce to the egg yolks to temper themthen whisk the tempered yolks back into the saucepan.'),
(17, 17, 'Stir in the grated Parmesan cheese until well combined.'),
(18, 18, 'Preheat the oven to 350°F (175°C).'),
(19, 19, 'In a large baking dishplace a layer of eggplant slices on the bottom.'),
(20, 20, 'Spread half of the meat sauce over the eggplant.'),
(21, 21, 'Add another layer of eggplant slicesfollowed by the remaining meat sauce.'),
(22, 22, 'Top with a final layer of eggplant slices.'),
(23, 23, 'Pour the béchamel sauce evenly over the topspreading it to cover the entire surface.'),
(24, 24, 'Bake in the preheated oven for 45-60 minutes until the top is golden brown and the moussaka is bubbly.'),
(25, 25, 'Let it cool for at least 15 minutes before serving to allow it to set.'),
(26, 1, 'Wash and peel the cucumber.'),
(27, 2, 'Grate the cucumber using a box grater or a food processor.'),
(28, 3, 'Place the grated cucumber in a cheesecloth or a clean kitchen towel. Squeeze out as much excess water as possible. This prevents the tzatziki from becoming too watery.'),
(29, 4, 'In a medium-sized bowlcombine the Greek yogurtminced garliclemon juiceolive oiland chopped dill or mint (if using).'),
(30, 5, 'Add the drainedgrated cucumber to the mixture.'),
(31, 6, 'Add salt and pepper to taste. Start with a small amount of salt (about 1/2 teaspoon) and adjust according to your preference.'),
(32, 7, 'Stir all the ingredients together until well combined. Taste and adjust the seasoning if necessary.'),
(33, 8, 'Cover the bowl with plastic wrap or transfer the tzatziki to an airtight container. Refrigerate for at least 1-2 hours before serving. This allows the flavors to meld together.'),
(34, 1, 'Remove grape leaves from the jarrinse them under cold water to remove the brine.'),
(35, 2, 'Bring a large pot of water to a boil and blanch the leaves for about 2 minutes to soften them.'),
(36, 3, 'Remove the leaves and let them drain in a colander.'),
(37, 4, 'Heat 1/4 cup of olive oil in a large pan over medium heat.'),
(38, 5, 'Add the chopped onions and cook until they are soft and translucent.'),
(39, 6, 'Stir in the rice and cook for another 2-3 minutes until the rice is slightly translucent.'),
(40, 7, 'Add the green onionsdillmintparsleysaltand pepper. Mix well.'),
(41, 8, 'If using meatadd it now and cook until browned.'),
(42, 9, 'Add 1 cup of water to the mixture. Bring it to a boilthen reduce the heat and let it simmer until the rice is half-cooked and the water is absorbed. This should take about 10 minutes.'),
(43, 10, 'Lay a grape leaf flat on a clean surfaceshiny side down and stem end toward you.'),
(44, 11, 'Place a small spoonful of the filling near the stem end of the leaf.'),
(45, 12, 'Fold the stem end over the fillingthen fold in the sidesand roll up tightly to enclose the filling completely.'),
(46, 13, 'Line the bottom of a large pot with some grape leaves (this prevents sticking).'),
(47, 14, 'Arrange the stuffed grape leaves seam-side down in the potpacking them tightly in layers.'),
(48, 15, 'Drizzle the remaining olive oil over the stuffed grape leaves.'),
(49, 16, 'Add enough water to the pot to just cover the dolmadakia.'),
(50, 17, 'Squeeze the juice of one lemon over the top.'),
(51, 18, 'Place a heatproof plate on top of the stuffed leaves to keep them submerged.'),
(52, 19, 'Bring to a gentle simmer over medium heat.'),
(53, 20, 'Reduce the heat to lowcoverand simmer for about 45-60 minutesor until the leaves are tender and the rice is fully cooked.'),
(54, 1, 'Wash and cut the tomatoes into wedges or large chunks.'),
(55, 2, 'Peel the cucumber (if desired)then slice it into rounds or half-moons.'),
(56, 3, 'Washcoreand slice the bell pepper into thin rings or strips.'),
(57, 4, 'Peel and thinly slice the red onion into rings.'),
(58, 5, 'In a large salad bowlcombine the tomatoescucumbergreen bell pepperand red onion.'),
(59, 6, 'Scatter a handful of Kalamata olives over the salad.'),
(60, 7, 'Cut the feta cheese into large chunks or slabs and place on top of the salad.'),
(61, 8, 'Sprinkle the dried oregano over the salad.'),
(62, 9, 'Season with salt and freshly ground black pepper to taste.'),
(63, 10, 'Drizzle the extra virgin olive oil evenly over the salad.'),
(64, 11, 'Add the red wine vinegaradjusting the amount to your taste preference.'),
(65, 12, 'Gently toss the salad to mix the ingredients and coat them with the dressing.'),
(66, 1, 'Cook the sioufixta pasta in a large pot of boiling salted water until al denteaccording to package instructions. Drain and set aside.'),
(67, 2, 'In a large skillet or saucepanheat the olive oil over medium heat.'),
(68, 3, 'Add the chopped onion and cook until it becomes translucentabout 5 minutes.'),
(69, 4, 'Add the minced garlic and cook for another minuteuntil fragrant.'),
(70, 5, 'Stir in the diced tomatoes and tomato paste.'),
(71, 6, 'Add the dried oreganobasilthymeand sugar if using.'),
(72, 7, 'Season with salt and pepper to taste.'),
(73, 8, 'Allow the sauce to simmer for about 10-15 minutesstirring occasionally.'),
(74, 9, 'Add the diced bell pepperzucchiniand carrot to the tomato sauce.'),
(75, 10, 'Continue to simmer until the vegetables are tenderabout 10 more minutes.'),
(76, 11, 'Add the cooked pasta to the skillet with the tomato and vegetable sauce.'),
(77, 12, 'Toss everything together to ensure the pasta is well coated with the sauce.'),
(78, 13, 'Allow the pasta to cook in the sauce for an additional 2-3 minutes to absorb the flavors.'),
(79, 14, 'Remove from heat and serve immediately.'),
(80, 15, 'Garnish with freshly chopped parsley andif desiredgrated Parmesan or crumbled feta cheese.'),
(81, 1, 'If using fresh spinachrinse and chop it. In a large panheat a little olive oil over medium heat and cook the spinach until wilted. If using frozen spinachensure it\'s thawed and drained of excess water.'),
(82, 2, 'In a large skilletheat olive oil over medium heat. Add the chopped yellow onion and green onionsand sauté until translucent (about 5-7 minutes). Add the minced garlic and cook for another minute.'),
(83, 3, 'In a large mixing bowlcombine the cooked spinachsautéed onionsgarlicfresh dillparsleynutmegbeaten eggscrumbled fetaand ricotta cheese (if using). Mix well. Season with salt and pepper to taste.'),
(84, 4, 'Preheat your oven to 350°F (175°C).'),
(85, 5, 'Unroll the phyllo dough and cover it with a damp kitchen towel to prevent it from drying out.'),
(86, 6, 'Brush a 9x13 inch baking dish with olive oil or melted butter. Place one sheet of phyllo in the dish and brush it lightly with olive oil or butter. Repeat this processlayering and brushing each sheet until you have used about half of the phyllo sheets.'),
(87, 7, 'Spread the spinach and cheese filling evenly over the layered phyllo sheets.'),
(88, 8, 'Continue layering the remaining phyllo sheets on top of the fillingbrushing each sheet with olive oil or butter as you go.'),
(89, 9, 'Once all the sheets are layeredtuck the edges down into the sides of the dish to seal the pie.'),
(90, 10, 'Using a sharp knifescore the top layers of phyllo into squares or diamond shapes. This will make it easier to cut after baking.'),
(91, 11, 'Bake in the preheated oven for about 45-50 minutesor until the phyllo is golden brown and crisp.'),
(92, 1, 'Wash the tomatoes and bell peppers. Cut the tops off and set them aside as lids.'),
(93, 2, 'Scoop out the insides of the tomatoes and bell peppersreserving the tomato pulp in a bowl. Be careful not to puncture the vegetables.'),
(94, 3, 'Lightly salt the insides of the tomatoes and peppersand place them upside down on a plate to drain any excess moisture.'),
(95, 4, 'In a large skilletheat half of the olive oil over medium heat. Add the chopped onion and sauté until translucent.'),
(96, 5, 'Add the minced garlic and cook for another minute.'),
(97, 6, 'If using ground meatadd it to the skillet and cook until browned.'),
(98, 7, 'Stir in the ricegrated tomatoes (including the tomato pulp)tomato pasteparsleymintdillsugarsaltand pepper. Cook the mixture for about 10 minutesstirring occasionallyuntil the rice is partially cooked. Add a little water if the mixture becomes too dry.'),
(99, 8, 'Preheat your oven to 375°F (190°C).'),
(100, 9, 'Fill each tomato and pepper with the rice mixtureleaving a little room at the top for the rice to expand during cooking.'),
(101, 10, 'Place the stuffed tomatoes and peppers upright in a baking dish. Replace the lids on top of each vegetable.'),
(102, 11, 'Arrange the potato wedges around the stuffed vegetables in the baking dish.'),
(103, 12, 'Pour the remaining olive oil and water over the potatoes and vegetables.'),
(104, 13, 'Lightly sprinkle some salt and pepper over everything.'),
(105, 14, 'Cover the baking dish with aluminum foil and bake for 1 hour.'),
(106, 15, 'Remove the foil and bake for an additional 30 minutesor until the vegetables are tender and slightly charred on top.'),
(107, 1, 'Cut the guanciale (or pancetta) into small strips or cubes.'),
(108, 2, 'Separate the eggskeeping 2 whole eggs and 2 egg yolks in a bowl. Beat them together until well combined.'),
(109, 3, 'Grate the Pecorino Romano cheese.'),
(110, 4, 'Bring a large pot of salted water to a boil. Add the spaghetti and cook until al dente according to the package instructions.'),
(111, 5, 'While the pasta is cookingplace the guanciale in a largecold skillet. Turn the heat to medium and cookstirring frequentlyuntil the fat renders out and the guanciale becomes crispyabout 5-7 minutes. Remove from heat and set aside.'),
(112, 6, 'Mix the grated Pecorino Romano cheese into the beaten eggs until a smooth mixture forms. Add a generous amount of freshly ground black pepper.'),
(113, 7, 'When the pasta is donereserve about 1 cup of the pasta cooking water. Drain the pasta.'),
(114, 8, 'Add the hot pasta to the skillet with the guanciale and toss to combine. Ensure the pasta is coated with the rendered fat.'),
(115, 9, 'Remove the skillet from the heat to prevent scrambling the eggs. Pour the egg and cheese mixture over the pastaquickly tossing to create a creamy sauce. Add reserved pasta water a little at a time as needed to achieve the desired consistency. The heat from the pasta will cook the eggs gently.'),
(116, 10, 'Serve immediatelytopped with extra Pecorino Romano cheese and freshly ground black pepper.'),
(117, 1, 'In a small bowldissolve the sugar and yeast in the warm water. Let it sit for about 5-10 minutes until frothy.'),
(118, 2, 'In a large mixing bowlcombine the flour and salt. Make a well in the center and pour in the yeast mixture and olive oil.'),
(119, 3, 'Mix together until a dough formsthen knead on a floured surface for about 10 minutes until smooth and elastic.'),
(120, 4, 'Place the dough in a lightly oiled bowlcover with a damp clothand let it rise in a warm place for about 1-2 hours or until doubled in size.'),
(121, 5, 'Crush the canned San Marzano tomatoes by hand or with a fork. Add a pinch of salt to taste.'),
(122, 6, 'Preheat your oven to its highest setting (250-280°C / 480-550°F). If you have a pizza stoneplace it in the oven while preheating.'),
(123, 7, 'Once the dough has risenpunch it down and divide it into 2-4 equal portionsdepending on the size of the pizzas you want.'),
(124, 8, 'On a floured surfacestretch or roll each portion into a thinround pizza base. If using a pizza stoneprepare the dough on a pizza peel or a floured piece of parchment paper for easy transfer.'),
(125, 9, 'Spread a thin layer of the crushed tomato sauce over the pizza baseleaving a small border around the edges.'),
(126, 10, 'Distribute the mozzarella cheese evenly over the sauce.'),
(127, 11, 'Tear fresh basil leaves and scatter them over the pizza.'),
(128, 12, 'Drizzle a little extra-virgin olive oil on top.'),
(129, 13, 'Transfer the pizza to the preheated oven (or onto the pizza stone). Bake for about 8-12 minutesor until the crust is golden and crispyand the cheese is melted and bubbling.'),
(130, 14, 'Remove the pizza from the oven and let it cool for a minute or two. Drizzle with a little more olive oil if desiredand garnish with additional fresh basil leaves.'),
(131, 1, 'In a small bowldissolve the saffron threads in a couple of tablespoons of warm water or warm broth. Let it steep for about 10-15 minutes to release the flavor and color.'),
(132, 2, 'In a saucepanheat the chicken or vegetable broth over medium heat. Keep it warm throughout the cooking process.'),
(133, 3, 'In a largeheavy-bottomed saucepan or skilletmelt half of the butter over medium heat. Add the finely chopped onion and cook until soft and translucentabout 5-7 minutes.'),
(134, 4, 'Add the Arborio rice to the pan with the onion. Stir well to coat the rice grains with the butter. Toast the rice for 1-2 minutes until it becomes slightly translucent around the edges.'),
(135, 5, 'Pour in the dry white wine and stir continuously until the wine is absorbed by the rice.'),
(136, 6, 'Add the saffron infusion to the rice mixturestirring well to distribute the saffron evenly. The rice will take on a rich golden color.'),
(137, 7, 'Begin adding the warm broth to the riceone ladleful at a timestirring frequently. Allow each addition of broth to be absorbed by the rice before adding more. This process helps release the starch from the rice and creates the creamy texture characteristic of risotto.'),
(138, 8, 'Keep adding broth and stirring the risotto for about 18-20 minutesor until the rice is creamy and cooked al dente (with a slight bite to it). You may not need to use all of the broth.'),
(139, 9, 'Once the rice is cooked to your desired consistencyremove the risotto from the heat. Stir in the remaining butter and grated Parmesan cheese until melted and well incorporated. Season with salt and freshly ground black pepper to taste.'),
(140, 10, 'Spoon the Risotto alla Milanese onto plates or into bowls. Optionallygarnish with additional grated Parmesan cheese and a few strands of saffron for presentation.'),
(141, 1, 'Pat the veal shanks dry with paper towels. Season them generously with salt and pepperthen dredge them in flourshaking off any excess.'),
(142, 2, 'In a largeheavy-bottomed Dutch oven or skilletheat the olive oil over medium-high heat. Add the veal shanks and brown them on all sidesabout 4-5 minutes per side. Remove the shanks from the pan and set aside.'),
(143, 3, 'In the same potadd the chopped onioncarrotsceleryand minced garlic. Cookstirring occasionallyuntil the vegetables are softened and lightly brownedabout 5-7 minutes.'),
(144, 4, 'Pour in the dry white wine and scrape the bottom of the pot to release any browned bits (fond) that have accumulated. Allow the wine to reduce by halfabout 3-4 minutes.'),
(145, 5, 'Return the browned veal shanks to the pot. Add the beef or veal brothcanned diced tomatoesbay leavesdried thymeand dried oregano. Bring the liquid to a simmer.'),
(146, 6, 'Reduce the heat to lowcover the potand let the Osso Buco simmer gently for about 2-2.5 hoursor until the meat is tender and begins to fall off the bone. Check occasionally and add more broth if needed to keep the shanks partially submerged.'),
(147, 7, 'In a small bowlcombine the lemon zestminced garlicand chopped fresh parsley. This mixture will be used as a garnish for the Osso Buco.'),
(148, 8, 'Once the veal shanks are tenderremove them from the pot and place them on a serving platter. Discard the bay leaves. If desiredspoon some of the cooking liquid and vegetables over the shanks.'),
(149, 9, 'Garnish each serving of Osso Buco with a sprinkle of gremolataif using.'),
(150, 10, 'Serve hottraditionally accompanied by risotto Milanese or creamy polenta.'),
(151, 1, 'In a heatproof bowlwhisk together the egg yolks and granulated sugar until pale and thick. Place the bowl over a pot of simmering water (double boiler) and continue whisking for about 8-10 minutesor until the mixture is thickened and forms ribbons when you lift the whisk.'),
(152, 2, 'Remove the bowl from the heat and whisk in the softened mascarpone cheese until smooth and well combined. Allow the mixture to cool to room temperature.'),
(153, 3, 'In a separate bowlwhip the heavy cream until stiff peaks form. Gently fold the whipped cream into the mascarpone mixture until fully incorporated. Be careful not to deflate the whipped cream.'),
(154, 4, 'In a shallow dishcombine the cooled brewed coffee (or espresso) with the coffee liqueurif using.'),
(155, 5, 'Quickly dip each ladyfinger into the coffee mixtureensuring they are soaked but not overly saturated. Arrange a layer of soaked ladyfingers in the bottom of a 9x13 inch (23x33 cm) baking dish or a similar-sized serving dish.'),
(156, 6, 'Spread half of the mascarpone mixture evenly over the layer of soaked ladyfingers.'),
(157, 7, 'Arrange another layer of soaked ladyfingers on top of the mascarpone mixture. Spread the remaining mascarpone mixture over the ladyfingerssmoothing the top with a spatula.'),
(158, 8, 'Cover the dish with plastic wrap and refrigerate the tiramisu for at least 4 hourspreferably overnightto allow the flavors to meld and the dessert to set.'),
(159, 9, 'Before servingdust the top of the tiramisu with cocoa powder using a fine-mesh sieve. This adds a decorative finish and enhances the flavor.'),
(160, 10, 'Slice and serve chilled. Tiramisu is best enjoyed cold.'),
(161, 1, 'Wash and dry the tomatoes and slice them into 1/4-inch thick rounds. Similarlyslice the fresh mozzarella into 1/4-inch thick slices.'),
(162, 2, 'On a serving platteralternately arrange the tomato slices and mozzarella slicesoverlapping them slightly.'),
(163, 3, 'Wash the basil leaves and pat them dry. Place a basil leaf on top of each tomato and mozzarella slice.'),
(164, 4, 'Drizzle extra-virgin olive oil generously over the tomato and mozzarella slices. Sprinkle with salt and freshly ground black pepper to taste.'),
(165, 5, 'If using balsamic vinegaryou can either drizzle it directly over the salad or reduce it into a glaze by simmering it in a saucepan until thickened. Drizzle the balsamic glaze over the salad for added flavor.'),
(166, 6, 'Serve the Caprese salad immediately as a refreshing appetizer or side dish. You can also serve it with crusty bread to soak up the flavorful juices.'),
(167, 1, 'Preheat your oven to 350°F (175°C).'),
(168, 2, 'Season the chicken pieces generously with salt and freshly ground black pepper.'),
(169, 3, 'In a large Dutch oven or heavy-bottomed potcook the diced bacon over medium heat until crispy. Remove the bacon with a slotted spoon and set asideleaving the rendered fat in the pot.'),
(170, 4, 'In the same pot with the bacon fatbrown the chicken pieces on all sides in batchesensuring they develop a golden-brown crust. Remove the chicken pieces and set aside.'),
(171, 5, 'Add the pearl onions to the pot and cook until they start to brownabout 5 minutes. Thenadd the quartered mushrooms and minced garliccooking until the mushrooms are lightly brownedabout 5-7 minutes.'),
(172, 6, 'Sprinkle the flour over the vegetables and cookstirring constantlyfor about 1-2 minutes to make a roux. Pour in the red wine and chicken brothstirring to combine. Add the tomato pastefresh thyme sprigsand bay leaf. Bring the mixture to a simmer.'),
(173, 7, 'Return the browned chicken pieces and cooked bacon to the potsubmerging them in the wine mixture. Cover the pot and transfer it to the preheated oven.'),
(174, 8, 'Braise the Coq au Vin in the oven for about 1 to 1 1/2 hoursor until the chicken is tender and cooked through. Check the chicken periodically and spoon some of the sauce over the top to keep it moist.'),
(175, 9, 'Once the chicken is cookedremove the pot from the oven. Discard the bay leaf and thyme sprigs. Taste the sauce and adjust the seasoning with salt and pepper if needed.'),
(176, 10, 'Serve the Coq au Vin hotgarnished with chopped fresh parsley if desired. It\'s traditionally served with crusty breadmashed potatoesor noodles to soak up the delicious sauce.'),
(177, 1, 'Preheat your oven to 325°F (165°C).'),
(178, 2, 'Pat the beef cubes dry with paper towels and season them generously with salt and freshly ground black pepper. In a large Dutch oven or heavy-bottomed potcook the diced bacon over medium heat until crispy. Remove the bacon with a slotted spoon and set asideleaving the rendered fat in the pot. In batchesbrown the beef cubes on all sides in the bacon fattransferring them to a plate as they brown.'),
(179, 3, 'In the same potadd the olive oil if needed. Sauté the chopped onions and sliced carrots until softenedabout 5-7 minutes. Add the minced garlic and cook for an additional 1-2 minutes.'),
(180, 4, 'Sprinkle the flour over the vegetables and cookstirring constantlyfor about 1-2 minutes to make a roux. Pour in the red wine and beef brothstirring to combine. Add the tomato paste and bouquet garni. Bring the mixture to a simmer.'),
(181, 5, 'Return the browned beef cubes and cooked bacon to the potsubmerging them in the wine mixture. Cover the pot and transfer it to the preheated oven.'),
(182, 6, 'Braise the Boeuf Bourguignon in the oven for about 2 1/2 to 3 hoursor until the beef is tender and cooked through. Check the stew periodically and stirensuring the beef is immersed in the liquid.'),
(183, 7, 'About 30 minutes before the stew is donesauté the quartered mushrooms in a separate skillet with a bit of butter or olive oil until browned and tender.'),
(184, 8, 'Once the beef is cookedremove the pot from the oven. Discard the bouquet garni. Taste the stew and adjust the seasoning with salt and pepper if needed.'),
(185, 9, 'Stir in the sautéed mushrooms. Serve the Boeuf Bourguignon hotgarnished with chopped fresh parsley if desired. It pairs wonderfully with mashed potatoesnoodlesor crusty bread.'),
(186, 1, 'Wash and dice the eggplantzucchinibell peppersonionand tomatoes.'),
(187, 2, 'In a large skillet or Dutch ovenheat the olive oil over medium heat. Add the diced onion and minced garlicand sauté until softened and fragrantabout 5 minutes.'),
(188, 3, 'Add the diced eggplantzucchiniand bell peppers to the skillet with the onions and garlic. Cookstirring occasionallyuntil the vegetables are slightly softenedabout 8-10 minutes.'),
(189, 4, 'Add the diced tomatoes and tomato paste to the skilletstirring to combine. Cook for an additional 5 minutesallowing the flavors to meld.'),
(190, 5, 'Season the ratatouille with dried thymedried oreganosaltand freshly ground black pepper to taste. Stir well to incorporate the seasonings. Reduce the heat to lowcover the skilletand simmer the ratatouille for about 20-25 minutesor until the vegetables are tender.'),
(191, 6, 'Taste the ratatouille and adjust the seasoning as neededadding more salt and pepper if desired.'),
(192, 7, 'Once the vegetables are cooked to your likingremove the skillet from the heat. Garnish the ratatouille with chopped fresh parsley for a pop of color and freshness.'),
(193, 8, 'Serve the ratatouille hot as a side dishor as a main course with crusty bread or cooked grains such as rice or quinoa.'),
(194, 1, 'In a large Dutch oven or stockpotheat the olive oil over medium heat. Add the chopped onionsliced leeksand chopped fennel. Cookstirring occasionallyuntil the vegetables are softenedabout 8-10 minutes. Add the minced garlic and cook for an additional 1-2 minutes.'),
(195, 2, 'Stir in the diced tomatoes and cook for a few minutes to allow the flavors to meld. Pour in the dry white wine and simmer for another 5 minutes to reduce slightly.'),
(196, 3, 'Add the fish or seafood stock to the potalong with the saffron threadsbay leavesand fresh thyme. Season the broth with salt and freshly ground black pepper to taste. Bring the mixture to a simmer and let it cook for about 15-20 minutes to allow the flavors to develop.'),
(197, 4, 'While the broth is simmeringprepare the seafood. Cut the fish fillets into bite-sized chunksclean and scrub the shellfishand slice the squid or calamari into rings.'),
(198, 5, 'Once the broth is flavorfulcarefully add the fish chunksshellfishand squid to the pot. Cover the pot and simmer gently for about 5-7 minutesor until the fish is cooked through and the shellfish have opened (discard any shellfish that do not open).'),
(199, 1, 'In a food processorcombine the flour and salt. Add the diced cold butter and pulse until the mixture resembles coarse crumbs.'),
(200, 2, 'With the food processor runninggradually add the ice water1 tablespoon at a timeuntil the dough comes together and forms a ball. Be careful not to overwork the dough.'),
(201, 3, 'Shape the dough into a diskwrap it in plastic wrapand refrigerate for at least 30 minutes.'),
(202, 4, 'Preheat your oven to 375°F (190°C).'),
(203, 5, 'On a lightly floured surfaceroll out the chilled pastry dough into a circle large enough to fit into a 9-inch (23cm) tart pan. Carefully transfer the dough to the tart panpressing it gently into the bottom and up the sides. Trim any excess dough.'),
(204, 6, 'Line the pastry crust with parchment paper and fill it with pie weights or dried beans to prevent it from puffing up during baking. Bake in the preheated oven for about 15 minutes. Remove the parchment paper and weightsand bake for an additional 5 minutesor until the crust is lightly golden. Remove from the oven and let it cool slightly.'),
(205, 7, 'In a skilletcook the chopped bacon over medium heat until crispy. Remove the bacon from the skillet and drain on paper towels.'),
(206, 8, 'Sprinkle the cooked bacon and shredded Gruyère cheese evenly over the bottom of the partially baked pastry crust.'),
(207, 9, 'In a mixing bowlwhisk together the eggsheavy creamsaltpepperand pinch of nutmeg until well combined.'),
(208, 10, 'Pour the custard mixture over the bacon and cheese in the pastry crustensuring it\'s evenly distributed.'),
(209, 11, 'Place the assembled quiche in the preheated oven and bake for 30-35 minutesor until the custard is set and the top is golden brown.'),
(210, 12, 'Remove the quiche from the oven and let it cool slightly before slicing. Garnish with chopped chives or parsley if desired. Serve warm or at room temperature.'),
(211, 1, 'Preheat your oven to 300°F (150°C). Place a baking dish or roasting pan filled with water on the bottom rack of the oven. This will create a water bath for the custard.'),
(212, 2, 'In a saucepanheat the heavy cream over medium heat until it just begins to simmer. Remove from heat and set aside.'),
(213, 3, 'In a mixing bowlwhisk together the egg yolksgranulated sugarvanilla extractand a pinch of salt until well combined and slightly thickened.'),
(214, 4, 'Slowly pour the hot cream into the egg yolk mixturewhisking constantly to temper the eggs and prevent them from curdling.'),
(215, 5, 'Strain the custard mixture through a fine-mesh sieve into a pouring jug to remove any lumps or air bubbles.'),
(216, 6, 'Divide the custard mixture evenly among six 6-ounce (180ml) ramekins or custard cups. Place the ramekins in a baking dish or roasting pan.'),
(217, 7, 'Carefully pour hot water into the baking dish or roasting pan until it reaches halfway up the sides of the ramekinscreating a water bath.'),
(218, 8, 'Place the baking dish in the preheated oven and bake for 35-40 minutesor until the custards are set around the edges but still slightly jiggly in the center.'),
(219, 9, 'Remove the custards from the oven and let them cool in the water bath for about 15-20 minutes. Thencarefully remove the ramekins from the water bath and transfer them to a wire rack to cool completely.'),
(220, 10, 'Once cooledcover the ramekins with plastic wrap and refrigerate for at least 2 hoursor preferably overnightto chill and set.'),
(221, 11, 'Just before servingsprinkle a thineven layer of granulated sugar over the surface of each custard. Use a kitchen torch to carefully caramelize the sugar until it forms a golden brown crust. Alternativelyyou can place the ramekins under the broiler for a few minutes until the sugar caramelizes.'),
(222, 12, 'Let the creme brulee sit for a minute to allow the caramelized sugar to harden. Serve immediatelygarnished with fresh berries or mint leaves if desired.'),
(223, 1, 'Rinse the sushi rice in cold water until the water runs clear. Cook the rice according to the package instructions. Once cookedseason the rice with sushi vinegar or a mixture of rice vinegarsugarand salt while it\'s still warm. Allow the rice to cool to room temperature.'),
(224, 2, 'Prepare your chosen fillings by slicing them into thin strips or pieces. Common fillings include raw or cooked fish (such as tunasalmonor shrimp)vegetables (such as avocadocucumberor carrots)and even cream cheese.'),
(225, 3, 'Place a sheet of nori shiny side down on a bamboo sushi mat or a clean kitchen towel.'),
(226, 4, 'With wet handsspread a thin layer of sushi rice evenly over the nori sheetleaving about 1 inch of space at the top edge.'),
(227, 5, 'Arrange your desired fillings in a line across the center of the rice-covered nori sheet.'),
(228, 6, 'Lift the edge of the nori closest to you and fold it over the fillingsusing the bamboo mat or towel to help you roll tightly.'),
(229, 7, 'Continue rollingapplying gentle pressure to compact the roll as you go. Wet the top edge of the nori sheet with water to seal the roll.'),
(230, 8, 'Once rolleduse the bamboo mat or towel to shape the roll into a neat cylinder.'),
(231, 9, 'Use a sharp knife to slice the sushi roll into individual pieceswiping the knife clean with a damp cloth between each cut to ensure clean slices.'),
(232, 10, 'Arrange the sliced sushi rolls on a serving platter. Serve with soy saucepickled gingerand wasabi on the side for dipping.'),
(233, 1, 'Peel and devein shrimp if using. Cut vegetables and seafood into bite-sized pieces or strips.'),
(234, 2, 'If using a premade tempura batter mixfollow the package instructions to prepare the batter. If making homemade battercombine flourcornstarchand baking powder in a bowl. Gradually add ice water and stir until the batter is smooth and the consistency of thin pancake batter. It\'s important to keep the batter coldso it\'s best to mix it just before using.'),
(235, 3, 'Heat the oil in a deep fryer or large pot to 350-375°F (175-190°C). It\'s important to maintain the oil temperature throughout the frying process.'),
(236, 4, 'Dip the seafood and vegetables into the tempura batterensuring they are evenly coated. Shake off any excess batter.'),
(237, 5, 'Carefully place the battered ingredients into the hot oila few pieces at a timemaking sure not to overcrowd the fryer. Fry until the tempura is golden brown and crispyabout 2-3 minutes for vegetables and 3-4 minutes for seafood. Use a slotted spoon or tongs to remove the tempura from the oil and drain on paper towels.'),
(238, 6, 'Serve the tempura immediately while hot and crispy. You can serve it on its own as an appetizer or main dishor as part of a Japanese meal with rice and miso soup.'),
(239, 7, 'Serve the tempura with dipping sauce on the side. Tempura is traditionally served with tentsuyua dipping sauce made from dashisoy sauceand mirin. You can also serve it with a sprinkle of salt or a squeeze of lemon.'),
(240, 1, 'In a large potcombine the chicken brothminced garlicgrated gingersoy saucemirinand sesame oil. Bring the mixture to a simmer over medium heat. Let it simmer for about 15-20 minutes to allow the flavors to meld. Season with salt and pepper to taste.'),
(241, 2, 'While the broth is simmeringprepare the toppings. You can slice the green onionscook the porksoft-boil the eggsand prepare any other toppings you like.'),
(242, 3, 'Bring a separate pot of water to a boil. Cook the ramen noodles according to the package instructionsusually about 3-4 minutes for dried noodles and 1-2 minutes for fresh noodles. Drain the noodles and rinse them under cold water to stop the cooking process. Divide the noodles among serving bowls.'),
(243, 4, 'Ladle the hot broth over the cooked noodles in each serving bowl. Arrange the desired toppings on top of the broth.'),
(244, 5, 'Serve the ramen immediatelygarnished with extra sliced green onions if desired.'),
(245, 1, 'Prepare all the vegetables and tofu as described above. If using shirataki noodlesrinse them under cold water and drain well.'),
(246, 2, 'In a bowlmix together the soy saucemirinsakesugarand dashi stock or beef broth to make the sukiyaki sauce.'),
(247, 3, 'Heat a large skilletelectric skilletor hot pot over medium heat. Add the vegetable oil and swirl to coat the bottom of the skillet.'),
(248, 4, 'Add the thinly sliced beef to the skillet in a single layer. Allow it to cook for a minute or two until it starts to brown.'),
(249, 5, 'Add the sliced onionshiitake mushroomstofu cubesand green onions to the skillet. Arrange them around the beef.'),
(250, 6, 'Pour the sukiyaki sauce over the beef and vegetables in the skillet. Stir gently to combine everything and ensure that the ingredients are evenly coated with the sauce.'),
(251, 7, 'Allow the sukiyaki to simmer for about 5-7 minutesor until the vegetables are tender and the beef is cooked through.'),
(252, 1, 'In a large mixing bowlcombine the flourdashi stock or waterand eggs. Whisk until smooth and well combined.'),
(253, 2, 'Add the shredded cabbagesliced green onionsand tenkasu or crushed shrimp crackers to the batter. Season with salt and pepper to taste. Mix everything together until the cabbage is evenly coated with the batter.'),
(254, 3, 'Heat a non-stick griddle or large skillet over medium heat. Brush the surface with oil or grease lightly with cooking spray.'),
(255, 4, 'Pour a portion of the batter onto the hot griddle or skilletspreading it into a round pancake about 1/2 to 3/4 inch thick.'),
(256, 5, 'If using pork belly or baconarrange slices on top of the pancake. Add any additional toppings of your choicepressing them lightly into the batter.'),
(257, 6, 'Cook the okonomiyaki for 3-4 minutes on one sideor until the bottom is golden brown and crispy. Carefully flip the pancake using a spatula.'),
(258, 7, 'Continue cooking the okonomiyaki for an additional 3-4 minutes on the other sideor until golden brown and cooked through.'),
(259, 8, 'Transfer the cooked okonomiyaki to a serving plate. Drizzle with okonomiyaki sauce and Japanese mayonnaise in a zigzag pattern.'),
(260, 9, 'Sprinkle with aonori (dried seaweed flakes) and bonito flakes (katsuobushi) for added flavor and texture.'),
(261, 1, 'Place the pork chops between two pieces of plastic wrap or parchment paper. Using a meat mallet or rolling pingently pound the pork chops to an even thickness of about 1/2 inch.'),
(262, 2, 'Season both sides of the pork chops with salt and pepper.'),
(263, 3, 'In three separate shallow bowls or platesset up the breading station: one with all-purpose flourone with the eggsbeaten and one with panko breadcrumbs'),
(264, 4, 'Dredge each pork chop in the flourshaking off any excess.'),
(265, 5, 'Dip the floured pork chop into the beaten eggscoating it completely.'),
(266, 6, 'Press the pork chop into the panko breadcrumbsensuring it is fully coated. Press down gently to help the breadcrumbs adhere.'),
(267, 7, 'In a large skillet or deep fryerheat about 1/2 inch of vegetable oil to 350°F (175°C). You can test the oil by dropping a small piece of bread into it; if it sizzles and turns golden brownthe oil is ready.'),
(268, 8, 'Carefully place the breaded pork chops into the hot oil. Fry for about 3-4 minutes on each sideor until the breading is golden brown and crispy and the pork is cooked through.'),
(269, 9, 'Transfer the cooked tonkatsu to a plate lined with paper towels to drain any excess oil.'),
(270, 10, 'Slice the tonkatsu into strips and serve immediately with shredded cabbage and cooked white rice.'),
(271, 11, 'Drizzle tonkatsu sauce over the top or serve it on the side for dipping.'),
(272, 1, 'If using instant dashi granulesdissolve the granules in 4 cups of water according to the package instructions to make the dashi broth. Otherwiseyou can prepare dashi from scratch using kombu (kelp) and katsuobushi (bonito flakes).'),
(273, 2, 'Pour the prepared dashi broth into a medium saucepan and heat over medium heat until it begins to simmer. Do not let it boil.'),
(274, 3, 'If using dried wakame seaweedrehydrate it in a bowl of water according to the package instructions. This usually takes a few minutes. Drain and set aside.'),
(275, 4, 'Add the cubed tofu and rehydrated wakame seaweed to the simmering dashi broth. Allow them to heat through for a few minutes.'),
(276, 5, 'Reduce the heat to low. Place the miso paste in a small bowl or ladle and add a little hot dashi broth. Stir until the miso paste is dissolved and smooth.'),
(277, 6, 'Slowly add the dissolved miso back into the potstirring gently to combine. Do not let the soup boil after adding the misoas this can affect the flavor and texture.'),
(278, 7, 'Add the chopped green onions to the soup and stir gently.'),
(279, 1, 'In a bowlcombine the chicken pieces with soy sauceShaoxing wineand cornstarch. Mix well and let it marinate for at least 15 minutes.'),
(280, 2, 'In a small bowlwhisk together the soy saucedark soy saucerice vinegarShaoxing winesugarcornstarchand water. Set aside.'),
(281, 3, 'Heat 1 tablespoon of vegetable oil in a wok or large skillet over medium-high heat. Add the marinated chicken and stir-fry until the chicken is cooked through and lightly browned. Remove the chicken from the wok and set aside.'),
(282, 4, 'In the same wokadd the remaining tablespoon of oil. Add the dried red chilies and Sichuan peppercorns (if using). Stir-fry for about 30 seconds until fragrant but not burned.'),
(283, 5, 'Add the minced garlic and gingerand stir-fry for another 30 seconds.'),
(284, 6, 'Add the white parts of the green onions and the red bell pepper to the wok. Stir-fry for 2-3 minutes until the vegetables are tender-crisp.'),
(285, 7, 'Return the cooked chicken to the wok. Pour the prepared sauce over the chicken and vegetables. Stir well to combineensuring everything is evenly coated with the sauce.'),
(286, 8, 'Add the peanuts and the green parts of the green onions. Stir-fry for another minute to heat through.'),
(287, 9, 'Transfer the Kung Pao Chicken to a serving dish and serve immediately with steamed rice.'),
(288, 1, 'In a bowlseason the pork pieces with saltpepperand soy sauce. Add the egg and mix well to coat the pork. Let it marinate for at least 15 minutes.'),
(289, 2, 'Place the cornstarch in a shallow dish. Dredge each piece of marinated pork in the cornstarchpressing to coat well. Shake off any excess cornstarch.'),
(290, 3, 'Heat vegetable oil in a deep fryer or a largedeep skillet to 350°F (175°C). Fry the coated pork pieces in batches until golden brown and crispyabout 3-4 minutes per batch. Drain on paper towels and set aside.'),
(291, 4, 'In a bowlcombine ketchuprice vinegarbrown sugarsoy sauceand pineapple juice (if using). Mix well. In a separate small bowlmix the cornstarch with water to create a slurry.'),
(292, 5, 'Heat 1 tablespoon of vegetable oil in a large skillet or wok over medium-high heat. Add the minced garlic and stir-fry for about 30 seconds until fragrant.'),
(293, 6, 'Add the bell peppers and onion to the skillet. Stir-fry for about 2-3 minutes until the vegetables are tender-crisp.'),
(294, 7, 'Add the pineapple chunks to the skillet and stir to combine.'),
(295, 8, 'Pour the prepared sauce over the vegetables and bring to a simmer.'),
(296, 9, 'Stir in the cornstarch slurry and cook until the sauce thickensabout 1-2 minutes.'),
(297, 10, 'Add the fried pork pieces to the skillettossing to coat them in the sauce. Cook for another 1-2 minutes until everything is well combined and heated through.'),
(298, 11, 'Transfer the sweet and sour pork to a serving dish and serve immediately with steamed rice.'),
(299, 1, 'Cut the tofu into 1-inch cubes. To remove excess wateryou can blanch the tofu cubes in boiling water for 2-3 minutesthen drain and set aside.'),
(300, 2, 'Heat the vegetable oil in a wok or large skillet over medium-high heat. Add the ground pork and cookbreaking it up with a spoonuntil it is browned and cooked through.'),
(301, 3, 'Add the minced garlicgingerand the white parts of the green onions to the pork. Stir-fry for 1-2 minutes until fragrant.'),
(302, 4, 'Add the doubanjiang (fermented broad bean paste) and douchi (fermented black beansif using) to the wok. Stir-fry for another 1-2 minutes to release their flavors.'),
(303, 5, 'Pour in the chicken broth (or water)soy sauceChinese cooking wineand sugar. Stir to combine and bring the mixture to a simmer.'),
(304, 6, 'Gently add the tofu cubes to the wokstirring carefully to avoid breaking them. Let the tofu simmer in the sauce for about 5-7 minutesallowing it to absorb the flavors.'),
(305, 7, 'Add the cornstarch slurry (cornstarch mixed with water) to the wokstirring gently to thicken the sauce. Cook for another 1-2 minutes until the sauce has thickened.'),
(306, 8, 'Stir in the chili oil (adjust the amount to your preferred spice level) and sesame oil. Add the ground Sichuan peppercorns for a numbing effectif using.'),
(307, 9, 'Transfer the Mapo Tofu to a serving dish and garnish with the chopped green parts of the green onions.'),
(308, 1, 'Clean the duck thoroughly and remove any excess fat. Pat the duck dry with paper towels.'),
(309, 2, 'Rub the inside of the duck with salt and place the gingergarlicand green onions inside the cavity.'),
(310, 3, 'Use a skewer or toothpick to prick the skin all overbeing careful not to pierce the meat. This will help render the fat and create crispy skin.'),
(311, 4, 'Bring a large pot of water to a boil. Hold the duck by the neck or using a kitchen tooland carefully lower it into the boiling water for 2-3 minutes. This will help tighten the skin. Remove the duck and pat it dry with paper towels.'),
(312, 5, 'Mix the maltose (or honey)rice vinegarand Shaoxing wine (or dry sherry) in a bowl to create a glaze.'),
(313, 6, 'Brush the glaze all over the duckmaking sure to coat it evenly.'),
(314, 7, 'Hang the duck in a cooldryand well-ventilated place for at least 12 hoursor overnightto dry the skin. You can use a fan to help with this process if necessary. Alternativelyplace the duck on a rack in the refrigerator uncovered.'),
(315, 8, 'Preheat your oven to 375°F (190°C). Place the duck on a roasting rack in a roasting pan.'),
(316, 9, 'Roast the duck for about 1 hourthen increase the oven temperature to 450°F (230°C) and continue roasting for an additional 30 minutesor until the skin is deep golden brown and crispy. If parts of the duck brown too quicklycover them with foil.'),
(317, 10, 'Remove the duck from the oven and let it rest for about 15 minutes. This allows the juices to redistribute.'),
(318, 11, 'Carve the duck into thin slicesseparating the crispy skin from the meat if desired.'),
(319, 12, 'Steam the Chinese pancakes according to the package instructionsor prepare homemade pancakes.'),
(320, 1, 'Finely chop the shrimp and bamboo shoots. Mix them with saltsugarsesame oilwhite pepperand cornstarch. Set aside.'),
(321, 2, 'In a bowlmix wheat starch and tapioca starch. Gradually pour in the boiling waterstirring quickly to form a dough.'),
(322, 3, 'Add the vegetable oil and knead the dough until smooth.'),
(323, 4, 'Roll the dough into a long log and cut into small pieces.'),
(324, 5, 'Roll each piece into a thin circle.'),
(325, 6, 'Place a small spoonful of the shrimp mixture in the center of each circle. Fold and pleat the edges to seal the dumplings.'),
(326, 7, 'Place the dumplings on a piece of parchment paper in a steamer basket.'),
(327, 8, 'Steam over boiling water for about 8-10 minutesor until the shrimp is cooked through.'),
(328, 1, 'In a bowlwhisk the egg. In a separate shallow dishcombine the cornstarchfloursaltand pepper.'),
(329, 2, 'Dip each piece of chicken into the eggthen dredge in the cornstarch-flour mixtureensuring each piece is well coated.'),
(330, 3, 'Heat vegetable oil in a deep fryer or largedeep skillet to 350°F (175°C).'),
(331, 4, 'Fry the chicken in batches until golden brown and crispyabout 4-5 minutes per batch. Drain on paper towels and set aside.'),
(332, 5, 'In a small bowlwhisk together the chicken brothsoy saucerice vinegarhoisin saucesugarcornstarchwaterand sesame oil. Set aside.'),
(333, 6, 'In a large skillet or wokheat 1 tablespoon of vegetable oil over medium-high heat.'),
(334, 7, 'Add the dried red chiliesminced garlicand minced ginger. Stir-fry for about 30 seconds until fragrant.'),
(335, 8, 'Add the white parts of the green onions to the skillet and stir-fry for another minute.'),
(336, 9, 'Pour in the prepared sauce and bring to a simmerstirring continuously until the sauce thickens.'),
(337, 10, 'Add the fried chicken pieces to the skillettossing to coat them evenly with the sauce. Cook for another 1-2 minutes until the chicken is heated through.'),
(338, 1, 'Soak the wood ear mushrooms and dried lily buds in warm water for about 20-30 minutes until they soften. Drain and slice them thinly.'),
(339, 2, 'Slice the shiitake mushroomsbamboo shootsand tofu into thin strips.'),
(340, 3, 'Beat the eggs in a small bowl and set aside.'),
(341, 4, 'In a large potcombine the chicken broth and water. Bring to a boil over medium-high heat.'),
(342, 5, 'Add the sliced shiitake mushroomsbamboo shootswood ear mushroomsand dried lily buds (if using) to the pot. Cook for 5-7 minutes until the vegetables are tender.'),
(343, 6, 'Add soy saucerice vinegarwhite pepperand chili paste or hot sauce. Stir to combine.'),
(344, 7, 'Adjust the seasoning to tasteadding more vinegar for tanginesssoy sauce for saltinessor chili paste for heat.'),
(345, 8, 'Stir the cornstarch slurry (cornstarch mixed with water) into the soup. Continue to simmer until the soup thickens slightlyabout 2-3 minutes.'),
(346, 9, 'Gently add the tofu strips to the potstirring carefully to avoid breaking them.'),
(347, 10, 'Slowly drizzle the beaten eggs into the soup while stirring gently in a circular motion to create egg ribbons.'),
(348, 11, 'Add the sesame oil and chopped green onions. Stir to combine and remove from heat.'),
(349, 1, 'In a large bowlcombine the yogurtlemon juiceginger-garlic pasteground cuminground corianderturmericpaprikagaram masalacayenne pepperand salt.'),
(350, 2, 'Add the chicken pieces and mix well to coat. Cover and refrigerate for at least 1 hourpreferably overnightto allow the flavors to penetrate the meat.'),
(351, 3, 'Preheat your oven to 400°F (200°C). Line a baking sheet with foil and place a wire rack on top.'),
(352, 4, 'Arrange the marinated chicken pieces on the wire rackshaking off any excess marinade.'),
(353, 5, 'Bake for 15-20 minutesuntil the chicken is cooked through and slightly charred. Alternativelyyou can grill the chicken for added flavor.'),
(354, 6, 'Heat the vegetable oil in a large skillet or pot over medium heat. Add the chopped onions and cook until they are golden brownabout 5-7 minutes.'),
(355, 7, 'Add the minced garlic and gingerand sauté for another 1-2 minutes until fragrant.'),
(356, 8, 'Stir in the ground cuminground corianderturmericpaprikagaram masalaand cayenne pepper. Cook for 1-2 minutesstirring constantlyto toast the spices.'),
(357, 9, 'Add the crushed tomatoestomato pasteand salt. Bring to a simmer and cook for about 10 minutesallowing the flavors to meld and the sauce to thicken slightly.'),
(358, 10, 'Reduce the heat to low and stir in the heavy cream or coconut milk. Simmer gently for another 5-10 minutes until the sauce is rich and creamy.'),
(359, 11, 'Add the cooked chicken pieces to the sauceincluding any juices that have collected on the baking sheet. Stir well to coat the chicken with the sauce.'),
(360, 12, 'Simmer for an additional 5-10 minutes to allow the flavors to meld together.'),
(361, 1, 'Bring a large pot of water to a boil. Add the spinach leaves and cook for 2-3 minutes until wilted.'),
(362, 2, 'Immediately transfer the spinach to a bowl of ice water to stop the cooking process and preserve the bright green color.'),
(363, 3, 'Drain the spinach and blend it with green chilies into a smooth pureeadding a little water if necessary. Set aside.'),
(364, 4, 'In a large skilletheat the vegetable oil and ghee over medium heat.'),
(365, 5, 'Add the paneer cubes and fry until they are golden brown on all sides. Remove and set aside on paper towels to drain excess oil.'),
(366, 6, 'In the same skilletadd cumin seeds and let them splutter for a few seconds.'),
(367, 7, 'Add the chopped onions and sauté until golden brown.'),
(368, 8, 'Add the minced garlic and gingerand sauté for another 1-2 minutes until fragrant.'),
(369, 9, 'Add the chopped tomatoes and cook until they are soft and the oil begins to separate from the mixture.'),
(370, 10, 'Stir in the ground corianderground cuminturmeric powdergaram masalared chili powder (if using)and salt. Cook for 1-2 minutesstirring continuously.');
INSERT INTO `step` (`step_id`, `number`, `description`) VALUES
(371, 11, 'Pour the spinach puree into the skillet and mix well with the onion-tomato mixture. Cook for 5-7 minutesstirring occasionally.'),
(372, 12, 'Add the fried paneer cubes to the spinach sauce and mix gently to coat the paneer with the sauce.'),
(373, 13, 'If the sauce is too thickyou can add a little water to reach the desired consistency.'),
(374, 14, 'Stir in the heavy cream or yogurtif usingand simmer for another 2-3 minutes. Adjust the seasoning with salt and add a splash of fresh lemon juice to brighten the flavors.'),
(375, 1, 'In a large bowlcombine the yogurtlemon juiceginger-garlic pasteground cuminground corianderturmericgaram masalared chili powderand salt.'),
(376, 2, 'Add the chicken pieces and mix well to coat. Cover and refrigerate for at least 1 hourpreferably overnightto allow the flavors to penetrate the meat.'),
(377, 3, 'Preheat your oven to 400°F (200°C). Line a baking sheet with foil and place a wire rack on top.'),
(378, 4, 'Arrange the marinated chicken pieces on the wire rackshaking off any excess marinade.'),
(379, 5, 'Bake for 15-20 minutesuntil the chicken is cooked through and slightly charred. Alternativelyyou can grill the chicken for added flavor.'),
(380, 6, 'In a large skillet or potheat the butter and vegetable oil over medium heat.'),
(381, 7, 'Add the chopped onions and sauté until golden brownabout 5-7 minutes.'),
(382, 8, 'Add the minced garlic and gingerand sauté for another 1-2 minutes until fragrant.'),
(383, 9, 'Stir in the ground cuminground corianderturmericgaram masalaand red chili powder. Cook for 1-2 minutesstirring constantlyto toast the spices.'),
(384, 10, 'Add the crushed tomatoes and tomato puree (or tomato sauce) to the skillet. Stir well to combine.'),
(385, 11, 'Bring to a simmer and cook for about 10 minutesallowing the flavors to meld and the sauce to thicken slightly.'),
(386, 12, 'For a smoother sauceyou can use an immersion blender to puree the mixture until smooth. Alternativelylet the sauce cool slightly and blend it in a regular blenderthen return it to the skillet.'),
(387, 13, 'Stir in the heavy cream and water (or chicken broth). Simmer gently for another 5-10 minutes until the sauce is rich and creamy.'),
(388, 14, 'Adjust the seasoning with salt and add sugar if desired to balance the flavors.'),
(389, 15, 'Add the cooked chicken pieces to the sauceincluding any juices that have collected on the baking sheet. Stir well to coat the chicken with the sauce.'),
(390, 16, 'Simmer for an additional 5-10 minutes to allow the flavors to meld together.'),
(391, 1, 'If using dried chickpeassoak them overnight in plenty of water. Drain and rinse them before cooking. '),
(392, 2, 'If using canned chickpeasdrain and rinse them thoroughly.'),
(393, 3, 'If using dried chickpeaspressure cook them with enough water (about 3 cups) and a pinch of salt. Add the tea bag if using for about 3-4 whistles or until soft. Remove the tea bag after cooking. If using canned chickpeasskip this step.'),
(394, 4, 'Heat oil in a large pan or pot over medium heat.'),
(395, 5, 'Add cumin seedsbay leafcinnamon stickblack cardamomand cloves. Sauté for a minute until fragrant.'),
(396, 6, 'Add the finely chopped onions and sauté until golden brown.'),
(397, 7, 'Add minced garlicgrated gingerand green chilies. Cook for another 2-3 minutes.'),
(398, 8, 'Add turmeric powderred chili powderand chole masala powder (or your spice mix). Sauté for a minute to roast the spices.'),
(399, 9, 'Add the tomato puree or finely chopped tomatoes. Cook until the oil starts to separate from the mixture and the tomatoes are fully cookedabout 5-7 minutes.'),
(400, 10, 'Add the cooked chickpeas to the tomato-onion mixture. Mix well to coat the chickpeas with the spices.'),
(401, 11, 'Add salt to taste and about 1 to 1.5 cups of water to achieve the desired consistency. You can mash a few chickpeas to thicken the gravy.'),
(402, 12, 'Simmer the chole on low heat for about 15-20 minutesallowing the flavors to meld together. Stir occasionally to prevent sticking.'),
(403, 1, 'Rinse the rice under cold water until the water runs clear. Thensoak the rice in water for about 30 minutes.'),
(404, 2, 'Marinate the meat (if using) with yogurtgingergarlicand spices. Let it marinate for at least 30 minutesor ideallyovernight in the refrigerator.'),
(405, 3, 'Slice the onions thinly and fry them until golden brown. Set aside.'),
(406, 4, 'Heat oil or ghee in a large pot. Add whole spices like clovescardamomcinnamonand bay leavesand sauté until fragrant.'),
(407, 5, 'Add chopped onions to the pot and sauté until they turn golden brown.'),
(408, 6, 'Add chopped tomatoes and cook until they break down and form a thick paste.'),
(409, 7, 'Add the marinated meat and cook until it\'s partially cooked.'),
(410, 8, 'In a separate potbring water to a boil. Add salt and whole spices like clovescardamomand cinnamon. Add the soaked rice and cook until it\'s about 70-80% done. Drain the rice and set aside.'),
(411, 9, 'Layer the partially cooked meat mixture at the bottom of the pot. Thenadd a layer of partially cooked rice on top.'),
(412, 10, 'Sprinkle some saffron soaked in warm milkfried onionscashewsraisinsand chopped mint and cilantro leaves on top of the rice.'),
(413, 11, 'Repeat the layers until all the rice and meat mixture are used upwith the final layer being rice.'),
(414, 12, 'Cover the pot with a tight-fitting lid or aluminum foil and cook on low heat for about 20-30 minutesallowing the flavors to meld together and the rice to finish cooking.'),
(415, 13, 'Once donelet the biryani rest for a few minutes before serving.'),
(416, 14, 'Serve hot with raita (yogurt sauce) and your favorite salad.'),
(417, 1, 'Rinse the lentils thoroughly under running water until the water runs clear. Thensoak them in water for about 30 minutes. This helps to cook them faster.'),
(418, 2, 'In a pressure cooker or a large potadd the soaked lentils along with 3 cups of waterchopped tomatoeschopped oniongreen chiliesminced garlicminced gingercumin seedsmustard seedsturmeric powderred chili powdergaram masalaand salt to taste. Mix everything well.'),
(419, 3, 'If using a pressure cookercook the lentils for about 4-5 whistles on medium heat or until they are soft and mushy. If using a potcook the lentils covered on medium-low heat until they are soft and cooked throughstirring occasionally. This might take about 30-40 minutes.'),
(420, 4, 'Once the lentils are cookedmash them slightly with the back of a spoon or a potato masher. Adjust the consistency by adding more water if needed. Keep the dal on simmer while you prepare the tempering.'),
(421, 5, 'For the tempering (tadka)heat ghee or oil in a small pan. Add cumin seeds and let them crackle. Thenadd dried red chilies and a pinch of asafoetida (hing). Fry for a few seconds until the spices release their aroma and the chilies turn slightly darker.'),
(422, 6, 'Pour this tempering over the cooked dal and mix well. Let the dal simmer for another 5 minutes so that the flavors blend together.'),
(423, 7, 'Garnish with freshly chopped coriander leaves.'),
(424, 8, 'Serve hot with rice or Indian bread like naan or roti.'),
(425, 1, 'In a bowlmix yogurtginger-garlic pastelemon juicered chili powderturmeric powdergaram masalacumin powderand salt.'),
(426, 2, 'Add paneer cubesbell pepperonionand tomato cubes to the marinade. Coat them well with the marinade. Let them marinate for at least 30 minutes in the refrigerator.'),
(427, 3, 'If using an ovenpreheat it to 200°C (about 400°F). If using a grillpreheat it to medium-high heat.'),
(428, 4, 'Thread the marinated paneer and vegetables onto skewers. You can alternate between paneerbell pepperonionand tomato for colorful skewers.'),
(429, 5, 'Oven Method: Place the skewers on a baking tray lined with aluminum foil. Brush them with oil. Bake for about 15-20 minutes or until the paneer and vegetables are cooked and slightly charred.'),
(430, 6, 'Grill Method: Place the skewers on the grill grate. Grill for about 8-10 minutesturning occasionallyuntil the paneer and vegetables are cooked and slightly charred.'),
(431, 7, 'Once doneremove the skewers from the oven or grill. Serve the paneer tikka hot with mint chutneyonion ringsand lemon wedges on the side.'),
(432, 1, 'If you\'re using achiote pastemix it with vinegarlime juicegarlicand various spices like cuminoreganoand paprika to create a marinade. If you\'re using a pre-made marinadeyou can skip this step.'),
(433, 2, 'Marinate the thinly sliced pork in the marinade for at least a few hourspreferably overnightto let the flavors penetrate the meat.'),
(434, 3, 'Traditionallytacos al pastor are cooked on a vertical rotisserie called a trompo. If you have onegreat! Otherwiseyou can use a grill or oven.'),
(435, 4, 'If using a vertical spitthread the marinated pork slices onto the skeweralternating with slices of pineapple.'),
(436, 5, 'If using a tromposet it up and cook the meat over indirect heatallowing it to rotate slowly for even cooking. If using a grill or ovenyou can use skewers or a grill basket.'),
(437, 6, 'Cook the pork until it\'s tender and slightly charred on the edgesand the pineapple is caramelized.'),
(438, 7, 'Heat the corn tortillas on a skillet or griddle until they\'re soft and pliable.'),
(439, 8, 'Once the meat is cookedremove it from the skewer or grill and chop it into smaller pieces.'),
(440, 9, 'Serve the chopped meat on warm tortillastopped with chopped onionscilantroand a squeeze of lime juice.'),
(441, 10, 'Optionallyyou can serve with salsa or hot sauce on the side.'),
(442, 1, 'Cut the avocados in halfremove the pitsand scoop the flesh into a mixing bowl.'),
(443, 2, 'Mash the avocado with a fork until it reaches your desired consistency (some people like it chunkywhile others prefer it smooth).'),
(444, 3, 'Cut the lime in half and squeeze the juice from both halves into the mashed avocado. This helps prevent the avocado from browning and adds a fresh flavor.'),
(445, 4, 'Add the saltground cuminand cayenne pepper (if using) to the mashed avocado. Mix well to combine.'),
(446, 5, 'Add the diced oniontomatoescilantroand minced garlic to the avocado mixture. Stir gently to incorporate all the ingredients evenly.'),
(447, 6, 'Taste the guacamole and adjust the seasoning if necessaryadding more saltlime juiceor spices to suit your taste.'),
(448, 1, 'Place the poblano peppers under the broiler or directly on a gas flameturning them until the skin is charred. Thenplace them in a plastic bag or covered bowl to steam for about 10 minutes. After thatpeel off the charred skinmake a slitand remove the seeds.'),
(449, 2, 'Sauté finely chopped onion and garlic until soft. Add the ground meat and cook until browned. Thenadd chopped tomatoesalmondsraisinsdiced plantainand diced applepeachand pear. Season with saltsugarcinnamonclovesand cumin. Cook until the fruits are soft and the flavors meld.'),
(450, 3, 'Blend together walnuts (traditionally)milk or creamcheesea bit of sugarand a pinch of salt until you get a smooth sauce. Adjust the consistency with more milk if needed.'),
(451, 4, 'Carefully fill the roasted poblanos with the meat mixture.'),
(452, 5, 'Separate the egg yolks from the whites. Beat the egg whites until stiff peaks form. In a separate bowlbeat the egg yolks until pale and frothy. Gently fold the egg yolks into the whites.'),
(453, 6, 'Roll the stuffed peppers in flourthen dip them into the egg batter until coated. Fry them in hot oil until golden brown on all sides. Drain on paper towels.'),
(454, 7, 'Place the fried stuffed peppers on a plate and generously pour the nogada sauce over the top. Optionallygarnish with pomegranate seeds and chopped parsley for a colorful finish.'),
(455, 1, 'Remove the husks from the tomatillos and rinse them.'),
(456, 2, 'Place the tomatillosjalapeños or serranosonionand garlic cloves on a baking sheet. Drizzle with olive oil and roast them in the oven at 400°F (200°C) until soft and slightly charredabout 15-20 minutes.'),
(457, 3, 'Transfer the roasted vegetables to a blender. Add a handful of cilantro leaves and a pinch of salt. Blend until smoothadding chicken broth as needed to reach your desired consistency. This is your enchilada sauce.'),
(458, 4, 'If using chickenmake sure it\'s cooked and shredded. You can season it with saltpepperand Mexican spices like cumin and chili powder for extra flavor.'),
(459, 5, 'You can also prepare a vegetarian filling using sautéed vegetablesbeansor cheese.'),
(460, 6, 'Heat a small skillet over medium heat. Lightly cook each corn tortilla for a few seconds on each side until soft and pliable. This step prevents the tortillas from tearing when you roll them.'),
(461, 7, 'Dip each tortilla in the enchilada saucecoating both sides.'),
(462, 8, 'Place some of the filling down the center of each tortilla and roll it up tightly. Place the rolled enchiladas seam-side down in a baking dish.'),
(463, 9, 'Pour the remaining enchilada sauce over the rolled enchiladas.'),
(464, 10, 'If desiredsprinkle grated cheese on top.'),
(465, 11, 'Bake in a preheated oven at 350°F (175°C) for about 20-25 minutesor until the enchiladas are heated through and the cheese is melted and bubbly.'),
(466, 1, 'Remove the stems and seeds from the dried chilies.'),
(467, 2, 'Toast them lightly in a dry skillet over medium heat to enhance their flavorbeing careful not to burn them.'),
(468, 3, 'Once toastedsoak them in hot water for about 20-30 minutes until they become soft and pliable.'),
(469, 4, 'Roast the tomatoesonionand garlic until they are charred and softened. This can be done in a skillet or under a broiler.'),
(470, 5, 'Toast the almondssesame seedsand raisins lightly in a dry skillet until fragrant.'),
(471, 6, 'Fry the plantains until they are caramelized.'),
(472, 7, 'Tear up the tortillas and fry them until crispy.'),
(473, 8, 'In a blender or food processorcombine the soaked chilies (drained)roasted vegetablestoasted almondssesame seedsraisinsplantainsfried tortillaschocolateand spices.'),
(474, 9, 'Blend everything together until smoothadding chicken broth or stock gradually to achieve the desired consistency. You may need to do this in batches depending on the size of your blender.'),
(475, 10, 'Heat some oil in a large pot over medium heat.'),
(476, 11, 'Pour the blended sauce into the pot and bring it to a simmer.'),
(477, 12, 'Let the sauce cook for about 20-30 minutesstirring occasionallyto allow the flavors to meld and the sauce to thicken.'),
(478, 13, 'Taste and adjust the seasoning as neededadding saltsugaror more spices to balance the flavors.'),
(479, 1, 'In a large mixing bowlcombine masa harinabaking powderand salt.'),
(480, 2, 'Gradually add warm broth while mixing until a soft dough forms.'),
(481, 3, 'Add lard or shortening and knead until fully incorporated. The dough should be smooth and spreadable.'),
(482, 4, 'Cook and shred your choice of meat or vegetables.'),
(483, 5, 'Season with salt and any additional spices or salsa of your choice.'),
(484, 6, 'Take a soaked corn husk and spread a thin layer of masa dough on itleaving space on the edges.'),
(485, 7, 'Add a spoonful of the filling in the center of the masa.'),
(486, 8, 'Optionallyadd a slice of cheese on top of the filling.'),
(487, 9, 'Fold the sides of the husk towards the centerenclosing the filling with masa dough.'),
(488, 10, 'Fold the bottom of the husk up.'),
(489, 11, 'Repeat with the remaining husks and filling.'),
(490, 12, 'Arrange the tamales vertically in a steamer pot.'),
(491, 13, 'Add water to the potmaking sure it doesn\'t touch the tamales.'),
(492, 14, 'Cover the pot with a lid and steam for about 1 to 1.5 hoursor until the masa is firm and easily pulls away from the husk.'),
(493, 1, 'Heat a dry skillet over medium heat.'),
(494, 2, 'Toast the dried chilies in the skillet for a few seconds on each side until fragrant.'),
(495, 3, 'Transfer the toasted chilies to a bowl and cover them with hot water. Let them soak for about 20-30 minutes until they are soft.'),
(496, 4, 'Heat the vegetable oil in a large pot over medium-high heat.'),
(497, 5, 'Add the chopped onion and minced garlicsautéing until softened and fragrant.'),
(498, 6, 'Add the pork shoulder pieces to the pot and brown them on all sidesabout 5-7 minutes.'),
(499, 7, 'Once the pork is brownedadd the chicken broth to the pot.'),
(500, 8, 'Drain the soaked chiliesreserving the soaking liquid.'),
(501, 9, 'In a blendercombine the soaked chilies with about 1 cup of the soaking liquid. Blend until smooth.'),
(502, 10, 'Pour the chili puree into the pot with the pork.'),
(503, 11, 'Add the drained hominyoreganoand ground cumin to the pot. Stir to combine.'),
(504, 12, 'Bring the pozole to a boilthen reduce the heat to low.'),
(505, 13, 'Cover the pot and let the pozole simmer for about 2-3 hoursstirring occasionallyuntil the pork is tender and the flavors have melded together.'),
(506, 14, 'Taste and adjust the seasoning with salt as needed.'),
(507, 1, 'Rinse the salmon under cold water and pat it dry with paper towels. Ensure there are no bones left in the fish.'),
(508, 2, 'In a small bowlmix together the sea saltsugarand vodka or aquavit (if using). This mixture will form the curing mix.'),
(509, 3, 'Spread a layer of plastic wrap on a clean work surface. Thenspread half of the curing mix onto the plastic wrapforming a bed roughly the size of the salmon fillet.'),
(510, 4, 'Place the salmon filletskin-side downon top of the curing mixture.'),
(511, 5, 'Sprinkle the chopped dill evenly over the top of the salmon fillet.'),
(512, 6, 'Spread the remaining curing mix evenly over the dill-covered salmon. Make sure the salmon is completely covered with the curing mix.'),
(513, 7, 'Wrap the salmon tightly in the plastic wrapensuring there are no air pockets.'),
(514, 8, 'Place the wrapped salmon in a shallow dish or baking pan. Thenplace another dish or pan on top of the salmon to weigh it down. This helps to compress the fish and ensures even curing.'),
(515, 9, 'Transfer the weighted salmon to the refrigerator and let it cure for 24-48 hours. The longer you cure itthe firmer the texture will be.'),
(516, 10, 'After the curing time is upremove the salmon from the refrigerator. Unwrap it and rinse off the curing mixture under cold water. Pat the salmon dry with paper towels.'),
(517, 11, 'Using a sharp knifeslice the gravlax thinly at an angle. Serve it with your favorite accompanimentssuch as mustard saucedill sauceor on slices of bread.'),
(518, 1, 'In a large mixing bowlcombine the ground beefground porkbreadcrumbsmilkchopped onioneggsaltpepperallspiceand nutmeg. Mix until well combined.'),
(519, 2, 'Take small portions of the meat mixture and roll them into meatballs about 1 inch in diameter. Place them on a plate or tray.'),
(520, 3, 'In a large skilletmelt the butter over medium heat. Once the butter is melted and hotadd the meatballs to the skillet in batchesbeing careful not to overcrowd them. Cook until browned on all sidesabout 6-8 minutes per batch. Remove cooked meatballs from the skillet and set aside.'),
(521, 4, 'After all the meatballs are cookedreduce the heat to medium-low. Sprinkle the flour into the skillet and whisk it into the remaining butter to make a roux. Cook the roux for about 1-2 minutes until it\'s lightly browned.'),
(522, 5, 'Slowly pour in the beef broth while whisking continuously to prevent lumps from forming. Bring the mixture to a simmer and cook for a few minutes until it starts to thicken.'),
(523, 6, 'Stir in the heavy cream and continue to simmer for another 2-3 minutes until the sauce thickens further. Season with salt and pepper to taste.'),
(524, 7, 'Return the cooked meatballs to the skilletcoating them with the sauce. Simmer for an additional 5-7 minutes until the meatballs are heated through and the flavors have melded together.'),
(525, 1, 'Collect all the necessary ingredientsincluding bread (typically dense rye bread)spreads (such as butter or mayonnaise)toppings (various meatsfishcheesesvegetablesand herbs)and garnishes (like pickles or radishes).'),
(526, 2, 'Cut the dense rye bread into slices of about ½ inch thickness. Optionallyyou can lightly toast the bread slices for added texture and flavor.'),
(527, 3, 'Spread a thin layer of butter or mayonnaise evenly over each bread slice. This helps to keep the bread moist and adds a creamy base for the toppings.'),
(528, 4, 'Layer the toppings on the bread slicesusing a variety of ingredients to create different flavor combinations. Common toppings include smoked salmonroast beefpickled herringsliced cheesecucumbertomatohard-boiled eggsshrimpand liver pate. Be creative and experiment with different combinations!'),
(529, 5, 'After arranging the toppingsadd garnishes to enhance the visual appeal and flavor of the smørrebrød. Common garnishes include fresh herbs (such as dill or parsley)sliced radishespicklescapersand lemon wedges.'),
(530, 1, 'Chop all your vegetables and fish into appropriate sizes.'),
(531, 2, 'In a large potmelt the butter over medium heat.'),
(532, 3, 'Add the chopped onioncarrotscelerypotatoesand leek. Cookstirring occasionallyuntil the vegetables are softened but not brownedabout 5-7 minutes.'),
(533, 4, 'Pour in the fish or vegetable stockand bring the mixture to a simmer. Let it cook for about 10 minutesor until the vegetables are tender.'),
(534, 5, 'Gently add the fish chunks to the pot. Simmer for an additional 5-7 minutesor until the fish is cooked through and flakes easily with a fork.'),
(535, 6, 'Stir in the heavy cream. Let the soup simmer for another 2-3 minutesallowing the flavors to meld together.'),
(536, 7, 'Taste the soup and adjust the seasoning with salt and pepper as needed.'),
(537, 8, 'Ladle the soup into bowls. Garnish with chopped fresh dill.'),
(538, 9, 'Serve hot with lemon wedges on the side and crusty bread for dipping.'),
(539, 1, 'Mix cooked rice with a small amount of melted butter and salt to taste. Some variations include mixing the rice with a small amount of milk or cream for added richness.'),
(540, 2, 'Take the dough you prepared earlier and roll it out thinly on a floured surface. Cut the dough into small circlesabout 4-5 inches in diameter.'),
(541, 3, 'Place a spoonful of the rice filling in the center of each dough round. Be careful not to overfillas you\'ll need to fold the dough over the filling.'),
(542, 4, 'Fold the edges of the dough over the fillingleaving the center open. Crimp the edges to seal the filling inside. Traditionallythe crimping pattern is diagonalgiving the pie its distinctive appearance.'),
(543, 5, 'Beat an egg and brush the tops of the pies with the egg wash. This gives the pies a glossy finish when baked.'),
(544, 6, 'Preheat your oven to 225°C (435°F). Place the assembled Karjalanpiirakka on a baking sheet lined with parchment paper and bake for about 15-20 minutesor until the crust is golden brown.'),
(545, 7, 'Allow the pies to cool slightly before serving. Karjalanpiirakka is traditionally served at room temperatureoften with a dollop of butter or a sprinkle of sugar on top.'),
(546, 1, 'Pour the skim milk into a large pot and heat it slowly over medium heat. Use a thermometer to monitor the temperature. Heat the milk until it reaches about 180°F (82°C)but do not let it boil.'),
(547, 2, 'Remove the pot from the heat and allow the milk to cool to around 110°F (43°C). This temperature is ideal for the skyr culture to thrive.'),
(548, 3, 'Once the milk has cooledwhisk in the skyr starter or the cup of plain skyr until it\'s fully incorporated.'),
(549, 4, 'Cover the pot with a clean towel or lid and let it sit at room temperature for about 4-6 hoursor until the mixture thickens and cultures.'),
(550, 5, 'After the mixture has thickenedline a strainer with cheesecloth and place it over a large bowl. Pour the thickened mixture into the cheesecloth-lined strainer. Allow it to strain for another 6-12 hoursor until it reaches your desired consistency. The longer you strain itthe thicker it will become.'),
(551, 6, 'Once the skyr has reached your desired thicknesstransfer it to a clean container and refrigerate it. It can be served plainor you can add your favorite toppings like fresh fruithoneyor nuts.'),
(552, 1, 'Heat a small amount of milk (around 50ml) and crush saffron threads into it. Let it cool down and infuse while you prepare other ingredients.'),
(553, 2, 'In a small bowldissolve the yeast in a little bit of warm (not hot) milk. Let it sit for about 5-10 minutes until it becomes frothy.'),
(554, 3, 'In a saucepanheat the rest of the milk until it\'s lukewarm. Add the saffron mixture to this.'),
(555, 4, 'In a large mixing bowlcream together the buttersugarand salt. Then gradually add in the flouralternating with the milk and saffron mixture. Knead until you have a smoothelastic dough.'),
(556, 5, 'Cover the dough and let it rise in a warm place for about 30-60 minutesor until it has doubled in size.'),
(557, 6, 'Once the dough has risenpunch it down and divide it into smaller portions. Roll each portion into a long stripthen shape them into an S or an 8 shapetraditionally representing the curls of Saint Lucia\'s hair.'),
(558, 7, 'Place a raisin at the center of each curl.'),
(559, 8, 'Cover the shaped buns and let them rise again for about 30 minutes.'),
(560, 9, 'Preheat your oven to 220°C (425°F). Bake the lussekatter for about 8-10 minutes or until they are golden brown.'),
(561, 10, 'Let the lussekatter cool on a wire rack before serving.'),
(562, 1, 'Clean and prepare the seafood: Devein shrimpscrub mussels and clamsand slice the squid.'),
(563, 2, 'Soak saffron threads in warm water to release their color and flavor.'),
(564, 3, 'Heat olive oil in a large paella pan or wideshallow skillet over medium-high heat.'),
(565, 4, 'Add the chicken piecesseason with salt and pepperand cook until browned on all sides. Remove and set aside.'),
(566, 5, 'In the same panadd more olive oil if neededthen sauté the onions until translucent.'),
(567, 6, 'Add the bell peppers and cook until they soften.'),
(568, 7, 'Stir in the garlic and grated tomatocooking until the tomato thickens slightly.'),
(569, 8, 'Stir in the ricecoating it well with the oil and vegetable mixture.'),
(570, 9, 'Add the smoked paprika and the saffron with its soaking waterstirring to combine.'),
(571, 10, 'Pour in the stockstir everything togetherand bring it to a simmer.'),
(572, 11, 'Once simmeringadjust the heat to maintain a gentle simmer and let the rice cook without stirring.'),
(573, 12, 'After about 10 minutes of cookingnestle the chicken pieces back into the rice.'),
(574, 13, 'Add the shrimpsquidmusselsand clamsplacing them evenly around the pan. Push them slightly into the rice.'),
(575, 14, 'Continue to cook until the rice is tender and the liquid is mostly absorbedabout another 10-15 minutes.'),
(576, 15, 'Rotate the pan occasionally to ensure even cooking and prevent burning.'),
(577, 16, 'When the rice is done and the seafood is cooked through (the mussels and clams should be open)remove the pan from heat.'),
(578, 17, 'Cover with a clean kitchen towel or aluminum foil and let it rest for 5-10 minutes.'),
(579, 18, 'Sprinkle with fresh parsley and arrange lemon wedges around the pan.'),
(580, 19, 'Serve directly from the panensuring each portion has a mix of ricechickenand seafood.'),
(581, 1, 'In a small saucepancombine 1 cup of water2 1/2 tablespoons of sugar1/2 teaspoon of saltand 2 tablespoons of vegetable oil.'),
(582, 2, 'Bring the mixture to a boil over medium heat.'),
(583, 3, 'Once the water mixture is boilingremove it from the heat.'),
(584, 4, 'Quickly stir in 1 cup of all-purpose flour until the mixture forms a ball. The dough should be smooth and slightly sticky.'),
(585, 5, 'In a deep fryer or large potheat 2 quarts of oil to 375°F (190°C). The oil should be deep enough to submerge the churros completely.'),
(586, 6, 'Transfer the dough to a piping bag fitted with a large star tip (this gives the churros their characteristic ridged shape).'),
(587, 7, 'Carefully pipe strips of dough directly into the hot oilcutting them to your desired length with scissors or a knife.'),
(588, 8, 'Fry the churros until they are golden brownturning them occasionally so they cook evenly on all sides. This should take about 2-3 minutes.'),
(589, 9, 'Remove the churros from the oil using a slotted spoon or tongs.'),
(590, 10, 'Place them on paper towels to drain excess oil.'),
(591, 11, 'In a shallow dishcombine 1/2 cup of sugar with 1 teaspoon of ground cinnamon.'),
(592, 12, 'Roll the warm churros in the cinnamon-sugar mixture until they are evenly coated.'),
(593, 1, 'Cook the glass noodles according to the package instructions (usually boil for 6-7 minutes).'),
(594, 2, 'Drain and rinse under cold water. Cut into shorter lengths for easier eating.'),
(595, 3, 'Blanch the spinach in boiling water for about 30 seconds.'),
(596, 4, 'Drain and rinse under cold water. Squeeze out excess water and set aside.'),
(597, 5, 'Beat the eggs and fry into a thin omelette. Let it coolthen slice into thin strips for garnish.'),
(598, 6, 'Marinate the sliced meat with 1 tbsp soy sauce and 1 tsp sugar for 10 minutes.'),
(599, 7, 'Stir-fry the meat in a pan with a little vegetable oil until cooked through. Set aside.'),
(600, 8, 'In the same panadd a little more oil if needed. Stir-fry the onions and garlic until fragrant.'),
(601, 9, 'Add the carrots and cook until slightly tender.'),
(602, 10, 'Add the bell pepper and mushroomsand cook until all vegetables are tender.'),
(603, 11, 'In a large bowlcombine the cooked noodlesspinachmeatand vegetables.'),
(604, 12, 'Add the remaining soy saucesugarsesame oiland a pinch of salt and pepper.'),
(605, 13, 'Mix well to combine all ingredients and flavors. Adjust seasoning to taste.'),
(606, 14, 'Transfer the Japchae to a serving plate.'),
(607, 15, 'Garnish with the egg strips and sesame seeds.'),
(608, 1, 'Rinse the rice in cold water until the water runs clear.'),
(609, 2, 'Cook the rice in a rice cooker or on the stovetop according to package instructions.'),
(610, 3, 'Slice the beef or chicken into thin strips.'),
(611, 4, 'Marinate the meat with 1 tablespoon of soy sauce1 tablespoon of sesame oil1 minced garlic cloveand a pinch of sugar. Let it sit for at least 15 minutes.'),
(612, 5, 'Cook the meat in a skillet over medium-high heat until fully cooked. If using tofupress and cube itthen pan-fry until golden.'),
(613, 6, 'Sauté carrots in a pan with a little vegetable oil until tenderabout 3-4 minutes.'),
(614, 7, 'Sauté zucchini in a pan with a little vegetable oil until tenderabout 3-4 minutes.'),
(615, 8, 'Blanch spinach in boiling water for 1-2 minutesthen drain and squeeze out excess water. Season with a little salt and sesame oil.'),
(616, 9, 'Blanch bean sprouts in boiling water for 1-2 minutesthen drain and season with a little salt and sesame oil.'),
(617, 10, 'Sauté mushrooms in a pan with a little vegetable oil until tenderabout 3-4 minutes.'),
(618, 11, 'Season cucumbers with a little salt and let sit for a few minutesthen squeeze out excess moisture.'),
(619, 12, 'In a non-stick panfry the eggs sunny-side up. The yolks should remain runny.'),
(620, 13, 'In a largeshallow bowlplace a serving of rice in the center.'),
(621, 14, 'Arrange the vegetables and protein in sections around the rice.'),
(622, 15, 'Place a fried egg on top of the rice.'),
(623, 16, 'Add a tablespoon of gochujang on top of the rice and drizzle with sesame oil.'),
(624, 17, 'Sprinkle with sesame seeds.'),
(625, 18, 'Just before eatingmix everything together thoroughly so that the gochujang and other ingredients are evenly distributed.');

-- --------------------------------------------------------

--
-- Table structure for table `tag`
--

CREATE TABLE `tag` (
  `tag_id` int(11) NOT NULL,
  `name` varchar(50) NOT NULL
) ENGINE=InnoDB DEFAULT CHARSET=utf8mb4 COLLATE=utf8mb4_general_ci;

--
-- Dumping data for table `tag`
--

INSERT INTO `tag` (`tag_id`, `name`) VALUES
(1, 'brunch'),
(2, 'quick-lunch'),
(3, 'cold dish'),
(4, 'snack'),
(5, 'dip'),
(6, 'appetizer'),
(7, 'main dish'),
(8, 'dessert'),
(9, 'soup');

-- --------------------------------------------------------

--
-- Table structure for table `topic`
--

CREATE TABLE `topic` (
  `topic_id` int(11) NOT NULL,
  `name` varchar(50) NOT NULL,
  `description` text NOT NULL
) ENGINE=InnoDB DEFAULT CHARSET=utf8mb4 COLLATE=utf8mb4_general_ci;

--
-- Dumping data for table `topic`
--

INSERT INTO `topic` (`topic_id`, `name`, `description`) VALUES
(1, 'Traditional Village Recipes', 'Traditional village recipes are the heart of many cultures, reflecting the simplicity and authenticity of rural life. These dishes often use fresh, locally sourced ingredients and have been passed down through generations, preserving the flavors and traditions of their regions.'),
(2, 'Summer Food', 'Summer food is all about light, refreshing, and vibrant flavors that are perfect for warm weather. These dishes are often easy to prepare and can be enjoyed outdoors.'),
(3, 'Winter Comfort Food', 'Winter comfort food provides warmth and solace during the colder months. These dishes are hearty, often rich in flavors, and designed to be filling and satisfying. These meals are perfect for cozy nights in, offering a sense of homeliness and contentment.'),
(4, 'Celebratory or Festive Dishes', 'Celebratory and festive dishes are often elaborate and reserved for special occasions. These recipes bring people together and are typically the highlights of gatherings and feasts.'),
(5, 'Street Food', 'Street food represents the vibrant culinary scenes found in bustling cities around the world. These dishes are typically quick, flavorful, and perfect for eating on the go.'),
(6, 'Seefood Dishes', 'Seafood dishes highlight the bounty of the oceans, lakes, and rivers, showcasing the freshness and delicate flavors of fish and shellfish. These recipes often come from coastal regions where seafood is a staple.'),
(7, 'Spicy and Flavorful', 'Spicy and flavorful dishes are a treat for those who love a bit of heat and a lot of taste. These recipes are packed with spices and bold flavors that tantalize the taste buds.'),
(8, 'Vegeterian Dishes', 'Vegetarian dishes celebrate the diverse and delicious world of plant-based cuisine. These recipes highlight the natural flavors and textures of vegetables, grains, and legumes, often resulting in meals that are both nutritious and satisfying.');

-- --------------------------------------------------------

--
-- Table structure for table `unit`
--

CREATE TABLE `unit` (
  `unit_id` int(11) NOT NULL,
  `name` varchar(50) NOT NULL
) ENGINE=InnoDB DEFAULT CHARSET=utf8mb4 COLLATE=utf8mb4_general_ci;

--
-- Dumping data for table `unit`
--

INSERT INTO `unit` (`unit_id`, `name`) VALUES
(1, 'grams'),
(2, 'whole'),
(3, 'tablespoon'),
(4, 'teaspoon'),
(5, 'cups'),
(6, 'pinch'),
(7, 'cloves'),
(8, 'jar'),
(9, 'to taste'),
(10, 'medium'),
(11, 'small'),
(12, 'large'),
(13, 'package'),
(14, 'lbs'),
(15, 'as needed for cooking'),
(16, 'ball'),
(17, 'handful'),
(18, 'drizzle'),
(19, 'liter'),
(20, 'pieces'),
(21, 'juice of # lemons'),
(22, 'can'),
(23, 'zest from # lemon'),
(24, 'sprigs'),
(25, 'for garnish'),
(26, 'for dusting'),
(27, 'kg'),
(28, 'as needed'),
(29, 'for dipping'),
(30, 'for serving'),
(31, 'for frying'),
(32, 'block'),
(33, 'head'),
(34, 'bunch'),
(35, 'slices'),
(36, 'for thikening'),
(37, 'ml'),
(38, 'packet');

-- --------------------------------------------------------

--
-- Table structure for table `users`
--

CREATE TABLE `users` (
  `user_id` int(11) NOT NULL,
  `username` varchar(50) NOT NULL,
  `password` varchar(200) DEFAULT NULL,
  `role` enum('admin','cook') NOT NULL
) ENGINE=InnoDB DEFAULT CHARSET=utf8mb4 COLLATE=utf8mb4_general_ci;

--
-- Dumping data for table `users`
--

INSERT INTO `users` (`user_id`, `username`, `password`, `role`) VALUES
(5, 'stamatis', '$2y$10$YhLivoY.XoV2oozvwAfpa.QM.IGvWLYdbfbh0ll/.gAq.nTrjvyHa', 'cook');

-- --------------------------------------------------------

--
-- Structure for view `cook_recipes`
--
DROP TABLE IF EXISTS `cook_recipes`;

CREATE ALGORITHM=UNDEFINED DEFINER=`root`@`localhost` SQL SECURITY DEFINER VIEW `cook_recipes`  AS SELECT `c`.`cook_id` AS `cook_id`, `c`.`first_name` AS `first_name`, `c`.`last_name` AS `last_name`, `r`.`recipe_id` AS `recipe_id`, `r`.`name` AS `recipe_name`, `r`.`description` AS `recipe_description`, `r`.`cuisine_id` AS `cuisine_id`, `r`.`difficulty` AS `difficulty` FROM ((`cook` `c` join `episode_participants` `ep` on(`c`.`cook_id` = `ep`.`cook_id`)) join `recipe` `r` on(`ep`.`recipe_id` = `r`.`recipe_id`)) WHERE `ep`.`role` = 'Cook' ;

--
-- Indexes for dumped tables
--

--
-- Indexes for table `cook`
--
ALTER TABLE `cook`
  ADD PRIMARY KEY (`cook_id`),
  ADD KEY `user_id` (`user_id`),
  ADD KEY `idx_training` (`professional_training`);

--
-- Indexes for table `cook_cuisine`
--
ALTER TABLE `cook_cuisine`
  ADD PRIMARY KEY (`cook_id`,`cuisine_id`),
  ADD KEY `cuisine_id` (`cuisine_id`);

--
-- Indexes for table `cuisine`
--
ALTER TABLE `cuisine`
  ADD PRIMARY KEY (`cuisine_id`);

--
-- Indexes for table `episode`
--
ALTER TABLE `episode`
  ADD PRIMARY KEY (`episode_id`),
  ADD KEY `idx_season` (`season`);

--
-- Indexes for table `episode_participants`
--
ALTER TABLE `episode_participants`
  ADD PRIMARY KEY (`episode_participant_id`),
  ADD KEY `cuisine_id` (`cuisine_id`),
  ADD KEY `idx_episode` (`episode_id`),
  ADD KEY `idx_cook` (`cook_id`),
  ADD KEY `idx_recipe` (`recipe_id`),
  ADD KEY `idx_episode_participants_episode_cook` (`episode_id`,`cook_id`),
  ADD KEY `idx_episode_participants_episode_role` (`episode_id`,`role`);

--
-- Indexes for table `equipment`
--
ALTER TABLE `equipment`
  ADD PRIMARY KEY (`equipment_id`);

--
-- Indexes for table `food_category`
--
ALTER TABLE `food_category`
  ADD PRIMARY KEY (`fc_id`),
  ADD KEY `idx_fname` (`name`);

--
-- Indexes for table `ingredient`
--
ALTER TABLE `ingredient`
  ADD PRIMARY KEY (`ingredient_id`),
  ADD KEY `idx_name` (`name`),
  ADD KEY `idx_foodCategory` (`foodCategory_id`);

--
-- Indexes for table `meal_category`
--
ALTER TABLE `meal_category`
  ADD PRIMARY KEY (`mealCategory_id`);

--
-- Indexes for table `nutritional_info`
--
ALTER TABLE `nutritional_info`
  ADD PRIMARY KEY (`nutritional_info_id`),
  ADD KEY `recipe_id` (`recipe_id`);

--
-- Indexes for table `quantity`
--
ALTER TABLE `quantity`
  ADD PRIMARY KEY (`quantity_id`),
  ADD KEY `unit_id` (`unit_id`);

--
-- Indexes for table `recipe`
--
ALTER TABLE `recipe`
  ADD PRIMARY KEY (`recipe_id`),
  ADD KEY `idx_cuisine` (`cuisine_id`),
  ADD KEY `idx_basicIngredient` (`basicIngredient_id`),
  ADD KEY `created_by` (`created_by`),
  ADD KEY `idx_diff` (`difficulty`);

--
-- Indexes for table `recipe_equipment`
--
ALTER TABLE `recipe_equipment`
  ADD PRIMARY KEY (`equipment_id`,`recipe_id`),
  ADD KEY `recipe_id` (`recipe_id`);

--
-- Indexes for table `recipe_ingredient`
--
ALTER TABLE `recipe_ingredient`
  ADD PRIMARY KEY (`recipe_id`,`ingredient_id`),
  ADD KEY `ingredient_id` (`ingredient_id`),
  ADD KEY `quantity_id` (`quantity_id`);

--
-- Indexes for table `recipe_meal`
--
ALTER TABLE `recipe_meal`
  ADD PRIMARY KEY (`recipe_id`,`mealCategory_id`),
  ADD KEY `mealCategory_id` (`mealCategory_id`);

--
-- Indexes for table `recipe_step`
--
ALTER TABLE `recipe_step`
  ADD PRIMARY KEY (`recipe_id`,`step_id`),
  ADD KEY `step_id` (`step_id`);

--
-- Indexes for table `recipe_tag`
--
ALTER TABLE `recipe_tag`
  ADD PRIMARY KEY (`recipe_id`,`tag_id`),
  ADD KEY `tag_id` (`tag_id`);

--
-- Indexes for table `recipe_topic`
--
ALTER TABLE `recipe_topic`
  ADD PRIMARY KEY (`recipe_id`,`topic_id`),
  ADD KEY `topic_id` (`topic_id`);

--
-- Indexes for table `review`
--
ALTER TABLE `review`
  ADD PRIMARY KEY (`review_id`),
  ADD UNIQUE KEY `episode_id` (`episode_id`,`cook_id`,`judge_id`),
  ADD KEY `cook_id` (`cook_id`),
  ADD KEY `judge_id` (`judge_id`);

--
-- Indexes for table `step`
--
ALTER TABLE `step`
  ADD PRIMARY KEY (`step_id`);

--
-- Indexes for table `tag`
--
ALTER TABLE `tag`
  ADD PRIMARY KEY (`tag_id`);

--
-- Indexes for table `topic`
--
ALTER TABLE `topic`
  ADD PRIMARY KEY (`topic_id`);

--
-- Indexes for table `unit`
--
ALTER TABLE `unit`
  ADD PRIMARY KEY (`unit_id`);

--
-- Indexes for table `users`
--
ALTER TABLE `users`
  ADD PRIMARY KEY (`user_id`),
  ADD UNIQUE KEY `username` (`username`);

--
-- AUTO_INCREMENT for dumped tables
--

--
-- AUTO_INCREMENT for table `cook`
--
ALTER TABLE `cook`
  MODIFY `cook_id` int(11) NOT NULL AUTO_INCREMENT, AUTO_INCREMENT=62;

--
-- AUTO_INCREMENT for table `cuisine`
--
ALTER TABLE `cuisine`
  MODIFY `cuisine_id` int(11) NOT NULL AUTO_INCREMENT, AUTO_INCREMENT=11;

--
-- AUTO_INCREMENT for table `episode`
--
ALTER TABLE `episode`
  MODIFY `episode_id` int(11) NOT NULL AUTO_INCREMENT, AUTO_INCREMENT=61;

--
-- AUTO_INCREMENT for table `episode_participants`
--
ALTER TABLE `episode_participants`
  MODIFY `episode_participant_id` int(11) NOT NULL AUTO_INCREMENT, AUTO_INCREMENT=2013;

--
-- AUTO_INCREMENT for table `equipment`
--
ALTER TABLE `equipment`
  MODIFY `equipment_id` int(11) NOT NULL AUTO_INCREMENT, AUTO_INCREMENT=252;

--
-- AUTO_INCREMENT for table `food_category`
--
ALTER TABLE `food_category`
  MODIFY `fc_id` int(11) NOT NULL AUTO_INCREMENT, AUTO_INCREMENT=8;

--
-- AUTO_INCREMENT for table `ingredient`
--
ALTER TABLE `ingredient`
  MODIFY `ingredient_id` int(11) NOT NULL AUTO_INCREMENT, AUTO_INCREMENT=228;

--
-- AUTO_INCREMENT for table `meal_category`
--
ALTER TABLE `meal_category`
  MODIFY `mealCategory_id` int(11) NOT NULL AUTO_INCREMENT, AUTO_INCREMENT=9;

--
-- AUTO_INCREMENT for table `nutritional_info`
--
ALTER TABLE `nutritional_info`
  MODIFY `nutritional_info_id` int(11) NOT NULL AUTO_INCREMENT, AUTO_INCREMENT=59;

--
-- AUTO_INCREMENT for table `quantity`
--
ALTER TABLE `quantity`
  MODIFY `quantity_id` int(11) NOT NULL AUTO_INCREMENT, AUTO_INCREMENT=672;

--
-- AUTO_INCREMENT for table `recipe`
--
ALTER TABLE `recipe`
  MODIFY `recipe_id` int(11) NOT NULL AUTO_INCREMENT;

--
-- AUTO_INCREMENT for table `review`
--
ALTER TABLE `review`
  MODIFY `review_id` int(11) NOT NULL AUTO_INCREMENT, AUTO_INCREMENT=631;

--
-- AUTO_INCREMENT for table `step`
--
ALTER TABLE `step`
  MODIFY `step_id` int(11) NOT NULL AUTO_INCREMENT, AUTO_INCREMENT=626;

--
-- AUTO_INCREMENT for table `tag`
--
ALTER TABLE `tag`
  MODIFY `tag_id` int(11) NOT NULL AUTO_INCREMENT, AUTO_INCREMENT=11;

--
-- AUTO_INCREMENT for table `topic`
--
ALTER TABLE `topic`
  MODIFY `topic_id` int(11) NOT NULL AUTO_INCREMENT, AUTO_INCREMENT=11;

--
-- AUTO_INCREMENT for table `unit`
--
ALTER TABLE `unit`
  MODIFY `unit_id` int(11) NOT NULL AUTO_INCREMENT, AUTO_INCREMENT=39;

--
-- AUTO_INCREMENT for table `users`
--
ALTER TABLE `users`
  MODIFY `user_id` int(11) NOT NULL AUTO_INCREMENT, AUTO_INCREMENT=6;

--
-- Constraints for dumped tables
--

--
-- Constraints for table `cook`
--
ALTER TABLE `cook`
  ADD CONSTRAINT `cook_ibfk_1` FOREIGN KEY (`user_id`) REFERENCES `users` (`user_id`);

--
-- Constraints for table `cook_cuisine`
--
ALTER TABLE `cook_cuisine`
  ADD CONSTRAINT `cook_cuisine_ibfk_1` FOREIGN KEY (`cook_id`) REFERENCES `cook` (`cook_id`),
  ADD CONSTRAINT `cook_cuisine_ibfk_2` FOREIGN KEY (`cuisine_id`) REFERENCES `cuisine` (`cuisine_id`);

--
-- Constraints for table `episode_participants`
--
ALTER TABLE `episode_participants`
  ADD CONSTRAINT `episode_participants_ibfk_1` FOREIGN KEY (`episode_id`) REFERENCES `episode` (`episode_id`),
  ADD CONSTRAINT `episode_participants_ibfk_2` FOREIGN KEY (`cook_id`) REFERENCES `cook` (`cook_id`),
  ADD CONSTRAINT `episode_participants_ibfk_3` FOREIGN KEY (`recipe_id`) REFERENCES `recipe` (`recipe_id`),
  ADD CONSTRAINT `episode_participants_ibfk_4` FOREIGN KEY (`cuisine_id`) REFERENCES `cuisine` (`cuisine_id`);

--
-- Constraints for table `ingredient`
--
ALTER TABLE `ingredient`
  ADD CONSTRAINT `ingredient_ibfk_1` FOREIGN KEY (`foodCategory_id`) REFERENCES `food_category` (`fc_id`);

--
-- Constraints for table `nutritional_info`
--
ALTER TABLE `nutritional_info`
  ADD CONSTRAINT `nutritional_info_ibfk_1` FOREIGN KEY (`recipe_id`) REFERENCES `recipe` (`recipe_id`);

--
-- Constraints for table `quantity`
--
ALTER TABLE `quantity`
  ADD CONSTRAINT `quantity_ibfk_1` FOREIGN KEY (`unit_id`) REFERENCES `unit` (`unit_id`);

--
-- Constraints for table `recipe`
--
ALTER TABLE `recipe`
  ADD CONSTRAINT `recipe_ibfk_1` FOREIGN KEY (`cuisine_id`) REFERENCES `cuisine` (`cuisine_id`) ON UPDATE CASCADE,
  ADD CONSTRAINT `recipe_ibfk_2` FOREIGN KEY (`basicIngredient_id`) REFERENCES `ingredient` (`ingredient_id`) ON UPDATE CASCADE,
  ADD CONSTRAINT `recipe_ibfk_3` FOREIGN KEY (`created_by`) REFERENCES `users` (`user_id`);

--
-- Constraints for table `recipe_equipment`
--
ALTER TABLE `recipe_equipment`
  ADD CONSTRAINT `recipe_equipment_ibfk_1` FOREIGN KEY (`equipment_id`) REFERENCES `equipment` (`equipment_id`),
  ADD CONSTRAINT `recipe_equipment_ibfk_2` FOREIGN KEY (`recipe_id`) REFERENCES `recipe` (`recipe_id`);

--
-- Constraints for table `recipe_ingredient`
--
ALTER TABLE `recipe_ingredient`
  ADD CONSTRAINT `recipe_ingredient_ibfk_1` FOREIGN KEY (`recipe_id`) REFERENCES `recipe` (`recipe_id`),
  ADD CONSTRAINT `recipe_ingredient_ibfk_2` FOREIGN KEY (`ingredient_id`) REFERENCES `ingredient` (`ingredient_id`),
  ADD CONSTRAINT `recipe_ingredient_ibfk_4` FOREIGN KEY (`quantity_id`) REFERENCES `quantity` (`quantity_id`);

--
-- Constraints for table `recipe_meal`
--
ALTER TABLE `recipe_meal`
  ADD CONSTRAINT `recipe_meal_ibfk_1` FOREIGN KEY (`recipe_id`) REFERENCES `recipe` (`recipe_id`),
  ADD CONSTRAINT `recipe_meal_ibfk_2` FOREIGN KEY (`mealCategory_id`) REFERENCES `meal_category` (`mealCategory_id`);

--
-- Constraints for table `recipe_step`
--
ALTER TABLE `recipe_step`
  ADD CONSTRAINT `recipe_step_ibfk_1` FOREIGN KEY (`recipe_id`) REFERENCES `recipe` (`recipe_id`),
  ADD CONSTRAINT `recipe_step_ibfk_2` FOREIGN KEY (`step_id`) REFERENCES `step` (`step_id`);

--
-- Constraints for table `recipe_tag`
--
ALTER TABLE `recipe_tag`
  ADD CONSTRAINT `recipe_tag_ibfk_1` FOREIGN KEY (`recipe_id`) REFERENCES `recipe` (`recipe_id`),
  ADD CONSTRAINT `recipe_tag_ibfk_2` FOREIGN KEY (`tag_id`) REFERENCES `tag` (`tag_id`);

--
-- Constraints for table `recipe_topic`
--
ALTER TABLE `recipe_topic`
  ADD CONSTRAINT `recipe_topic_ibfk_1` FOREIGN KEY (`recipe_id`) REFERENCES `recipe` (`recipe_id`),
  ADD CONSTRAINT `recipe_topic_ibfk_2` FOREIGN KEY (`topic_id`) REFERENCES `topic` (`topic_id`);

--
-- Constraints for table `review`
--
ALTER TABLE `review`
  ADD CONSTRAINT `review_ibfk_1` FOREIGN KEY (`episode_id`) REFERENCES `episode` (`episode_id`),
  ADD CONSTRAINT `review_ibfk_2` FOREIGN KEY (`cook_id`) REFERENCES `cook` (`cook_id`),
  ADD CONSTRAINT `review_ibfk_3` FOREIGN KEY (`judge_id`) REFERENCES `cook` (`cook_id`);
COMMIT;

/*!40101 SET CHARACTER_SET_CLIENT=@OLD_CHARACTER_SET_CLIENT */;
/*!40101 SET CHARACTER_SET_RESULTS=@OLD_CHARACTER_SET_RESULTS */;
/*!40101 SET COLLATION_CONNECTION=@OLD_COLLATION_CONNECTION */;
